23,,,,,,,,,,,,,,,,,,,,,,
2,24,4,5,6,21,3,11,12,3,4,3,11,3,2,23,24,23,24,4,24,2,3
1,1,1,1,0,0,1,1,1,1,1,1,1,1,1,1,1,1,1,1,1,1,0
5,,,,,,,,,,,,,,,,,,,,,,
26,32,1,56,2,,,,,,,,,,,,,,,,,,
1,1,0,1,1,,,,,,,,,,,,,,,,,,
15,,,,,,,,,,,,,,,,,,,,,,
26,37,1,2,3,23,5,6,7,8,9,13,10,42,39,,,,,,,,
0,1,1,1,1,0,1,0,1,0,1,1,1,0,1,,,,,,,,
7,,,,,,,,,,,,,,,,,,,,,,
43,32,1,2,31,22,18,,,,,,,,,,,,,,,,
1,1,0,0,1,0,1,,,,,,,,,,,,,,,,
5,,,,,,,,,,,,,,,,,,,,,,
43,32,1,2,24,,,,,,,,,,,,,,,,,,
1,0,1,0,0,,,,,,,,,,,,,,,,,,
5,,,,,,,,,,,,,,,,,,,,,,
26,32,16,2,3,,,,,,,,,,,,,,,,,,
0,0,0,1,0,,,,,,,,,,,,,,,,,,
9,,,,,,,,,,,,,,,,,,,,,,
43,32,16,2,24,17,4,5,45,,,,,,,,,,,,,,
0,1,1,1,1,1,1,1,1,,,,,,,,,,,,,,
5,,,,,,,,,,,,,,,,,,,,,,
26,37,1,2,22,,,,,,,,,,,,,,,,,,
1,0,1,1,0,,,,,,,,,,,,,,,,,,
6,,,,,,,,,,,,,,,,,,,,,,
43,37,1,2,3,17,,,,,,,,,,,,,,,,,
1,1,1,1,0,0,,,,,,,,,,,,,,,,,
9,,,,,,,,,,,,,,,,,,,,,,
26,32,1,2,3,4,5,6,21,,,,,,,,,,,,,,
1,0,1,1,1,1,1,1,1,,,,,,,,,,,,,,
9,,,,,,,,,,,,,,,,,,,,,,
43,37,1,2,24,23,5,6,22,,,,,,,,,,,,,,
1,1,1,0,1,1,1,1,0,,,,,,,,,,,,,,
19,,,,,,,,,,,,,,,,,,,,,,
43,37,19,16,2,3,4,5,45,6,7,8,9,13,40,39,48,50,49,,,,
1,1,1,1,1,1,1,1,0,0,1,1,1,1,1,1,1,1,1,,,,
7,,,,,,,,,,,,,,,,,,,,,,
43,32,34,16,38,2,3,,,,,,,,,,,,,,,,
1,1,0,1,0,0,0,,,,,,,,,,,,,,,,
6,,,,,,,,,,,,,,,,,,,,,,
26,32,1,38,2,3,,,,,,,,,,,,,,,,,
1,1,0,1,1,0,,,,,,,,,,,,,,,,,
8,,,,,,,,,,,,,,,,,,,,,,
26,37,1,2,24,4,5,45,,,,,,,,,,,,,,,
1,1,0,1,0,1,1,1,,,,,,,,,,,,,,,
6,,,,,,,,,,,,,,,,,,,,,,
43,37,1,2,3,17,,,,,,,,,,,,,,,,,
1,0,1,0,0,1,,,,,,,,,,,,,,,,,
11,,,,,,,,,,,,,,,,,,,,,,
26,32,16,2,18,3,11,4,5,6,7,,,,,,,,,,,,
1,0,1,0,1,1,0,0,1,1,1,,,,,,,,,,,,
7,,,,,,,,,,,,,,,,,,,,,,
26,32,15,16,2,3,4,,,,,,,,,,,,,,,,
1,1,1,1,1,1,1,,,,,,,,,,,,,,,,
5,,,,,,,,,,,,,,,,,,,,,,
32,1,31,2,24,,,,,,,,,,,,,,,,,,
1,1,1,0,1,,,,,,,,,,,,,,,,,,
15,,,,,,,,,,,,,,,,,,,,,,
43,32,1,2,24,23,4,5,6,7,8,9,13,40,39,,,,,,,,
1,1,1,1,0,1,0,1,0,1,1,1,1,1,1,,,,,,,,
12,,,,,,,,,,,,,,,,,,,,,,
26,27,16,2,18,3,17,6,7,8,9,13,,,,,,,,,,,
0,0,1,1,1,1,1,1,1,0,1,1,,,,,,,,,,,
6,,,,,,,,,,,,,,,,,,,,,,
26,32,1,2,3,28,,,,,,,,,,,,,,,,,
1,1,1,1,1,0,,,,,,,,,,,,,,,,,
16,,,,,,,,,,,,,,,,,,,,,,
26,37,1,38,2,3,17,5,6,7,8,20,39,46,48,50,,,,,,,
1,1,0,1,1,0,1,0,1,1,1,1,1,1,1,0,,,,,,,
5,,,,,,,,,,,,,,,,,,,,,,
26,37,1,2,3,,,,,,,,,,,,,,,,,,
1,0,1,0,0,,,,,,,,,,,,,,,,,,
12,,,,,,,,,,,,,,,,,,,,,,
5,26,37,19,16,2,24,4,7,8,13,46,,,,,,,,,,,
0,0,1,1,1,1,1,1,1,1,1,1,,,,,,,,,,,
11,,,,,,,,,,,,,,,,,,,,,,
5,26,32,1,2,24,23,7,8,9,41,,,,,,,,,,,,
0,0,0,0,1,1,1,1,0,1,0,,,,,,,,,,,,
10,,,,,,,,,,,,,,,,,,,,,,
5,26,32,1,2,3,23,7,8,9,,,,,,,,,,,,,
1,1,1,1,1,0,1,1,1,1,,,,,,,,,,,,,
14,,,,,,,,,,,,,,,,,,,,,,
5,26,37,16,2,3,4,7,8,9,41,46,55,67,,,,,,,,,
1,1,1,1,1,1,1,1,1,1,1,1,1,1,,,,,,,,,
12,,,,,,,,,,,,,,,,,,,,,,
5,26,32,16,2,3,4,7,8,9,41,46,,,,,,,,,,,
1,1,1,1,1,0,1,1,1,1,1,1,,,,,,,,,,,
12,,,,,,,,,,,,,,,,,,,,,,
5,43,32,1,2,3,4,7,8,9,13,51,,,,,,,,,,,
1,0,0,0,1,1,1,1,0,1,1,0,,,,,,,,,,,
11,,,,,,,,,,,,,,,,,,,,,,
5,43,32,1,2,24,4,7,8,9,41,,,,,,,,,,,,
1,1,0,1,1,1,1,1,1,1,0,,,,,,,,,,,,
10,,,,,,,,,,,,,,,,,,,,,,
60,26,32,16,2,24,17,7,8,9,,,,,,,,,,,,,
0,0,0,1,1,1,0,1,1,0,,,,,,,,,,,,,
13,,,,,,,,,,,,,,,,,,,,,,
5,26,37,1,38,2,24,4,7,8,9,13,46,,,,,,,,,,
0,1,1,1,1,1,1,1,0,0,1,0,1,,,,,,,,,,
10,,,,,,,,,,,,,,,,,,,,,,
5,26,32,1,2,24,4,7,9,13,,,,,,,,,,,,,
0,1,1,1,0,1,0,1,1,0,,,,,,,,,,,,,
14,,,,,,,,,,,,,,,,,,,,,,
5,43,32,19,16,38,2,24,17,7,8,9,13,46,,,,,,,,,
1,1,1,0,1,0,1,1,1,1,0,1,1,1,,,,,,,,,
13,,,,,,,,,,,,,,,,,,,,,,
5,26,37,1,2,3,23,61,7,8,9,13,46,,,,,,,,,,
1,1,0,1,1,1,1,0,1,0,1,1,1,,,,,,,,,,
11,,,,,,,,,,,,,,,,,,,,,,
5,26,32,1,2,24,4,7,8,9,13,,,,,,,,,,,,
1,1,1,1,1,1,0,1,1,1,1,,,,,,,,,,,,
7,,,,,,,,,,,,,,,,,,,,,,
5,61,26,32,1,2,31,,,,,,,,,,,,,,,,
1,0,0,0,1,0,1,,,,,,,,,,,,,,,,
12,,,,,,,,,,,,,,,,,,,,,,
26,37,19,16,2,3,4,7,8,9,13,46,,,,,,,,,,,
0,1,1,1,1,1,1,0,1,1,1,0,,,,,,,,,,,
10,,,,,,,,,,,,,,,,,,,,,,
26,32,1,2,3,23,7,8,9,20,,,,,,,,,,,,,
0,0,0,1,1,1,1,1,1,0,,,,,,,,,,,,,
12,,,,,,,,,,,,,,,,,,,,,,
5,26,37,15,1,2,24,23,7,8,9,13,,,,,,,,,,,
1,0,1,1,1,1,1,0,1,1,1,1,,,,,,,,,,,
12,,,,,,,,,,,,,,,,,,,,,,
26,37,1,38,2,3,23,7,8,9,13,46,,,,,,,,,,,
1,1,1,1,1,0,1,0,0,1,1,1,,,,,,,,,,,
11,,,,,,,,,,,,,,,,,,,,,,
26,37,15,1,2,24,23,7,8,9,41,,,,,,,,,,,,
1,1,1,1,1,0,0,1,0,1,1,,,,,,,,,,,,
14,,,,,,,,,,,,,,,,,,,,,,
5,43,32,1,38,2,3,4,7,8,9,13,46,47,,,,,,,,,
1,0,1,1,0,1,1,1,0,1,1,0,1,1,,,,,,,,,
9,,,,,,,,,,,,,,,,,,,,,,
43,37,1,2,24,4,7,8,30,,,,,,,,,,,,,,
1,1,1,1,1,1,1,1,1,,,,,,,,,,,,,,
7,,,,,,,,,,,,,,,,,,,,,,
4,7,8,9,13,46,47,,,,,,,,,,,,,,,,
1,0,0,0,1,1,0,,,,,,,,,,,,,,,,
11,,,,,,,,,,,,,,,,,,,,,,
26,32,1,2,24,23,7,8,9,13,46,,,,,,,,,,,,
1,1,1,1,1,1,0,0,1,1,1,,,,,,,,,,,,
12,,,,,,,,,,,,,,,,,,,,,,
61,26,32,1,2,3,17,7,8,9,13,46,,,,,,,,,,,
1,0,1,0,1,0,0,1,1,1,1,0,,,,,,,,,,,
9,,,,,,,,,,,,,,,,,,,,,,
26,32,1,2,3,4,7,8,9,,,,,,,,,,,,,,
1,0,1,1,1,1,0,1,1,,,,,,,,,,,,,,
14,,,,,,,,,,,,,,,,,,,,,,
5,26,37,1,38,2,24,23,21,4,7,8,9,20,,,,,,,,,
0,1,1,1,1,1,0,1,1,1,1,0,1,1,,,,,,,,,
9,,,,,,,,,,,,,,,,,,,,,,
15,1,38,2,3,23,7,8,30,,,,,,,,,,,,,,
1,1,1,1,1,1,1,0,1,,,,,,,,,,,,,,
12,,,,,,,,,,,,,,,,,,,,,,
5,43,37,1,2,3,17,7,8,9,13,46,,,,,,,,,,,
1,1,0,0,1,0,1,1,1,1,1,1,,,,,,,,,,,
10,,,,,,,,,,,,,,,,,,,,,,
26,32,16,2,3,23,7,8,9,41,,,,,,,,,,,,,
1,1,1,1,1,1,1,0,1,0,,,,,,,,,,,,,
14,,,,,,,,,,,,,,,,,,,,,,
5,43,37,15,1,2,3,23,7,8,9,13,46,51,,,,,,,,,
1,0,1,1,1,1,1,1,0,1,1,1,1,1,,,,,,,,,
10,,,,,,,,,,,,,,,,,,,,,,
61,26,37,19,1,56,2,3,4,21,,,,,,,,,,,,,
0,1,0,1,0,1,0,1,1,0,,,,,,,,,,,,,
15,,,,,,,,,,,,,,,,,,,,,,
60,5,26,32,1,38,2,3,4,7,8,9,29,46,68,,,,,,,,
0,1,1,0,1,1,1,1,0,1,0,1,0,1,0,,,,,,,,
6,,,,,,,,,,,,,,,,,,,,,,
26,32,1,2,3,28,,,,,,,,,,,,,,,,,
1,1,1,1,1,0,,,,,,,,,,,,,,,,,
11,,,,,,,,,,,,,,,,,,,,,,
26,32,19,1,56,2,3,17,5,6,21,,,,,,,,,,,,
1,1,1,1,1,1,1,1,1,1,1,,,,,,,,,,,,
6,,,,,,,,,,,,,,,,,,,,,,
43,32,1,2,3,23,,,,,,,,,,,,,,,,,
0,0,1,1,1,1,,,,,,,,,,,,,,,,,
5,,,,,,,,,,,,,,,,,,,,,,
26,32,1,2,3,,,,,,,,,,,,,,,,,,
1,1,1,1,0,,,,,,,,,,,,,,,,,,
8,,,,,,,,,,,,,,,,,,,,,,
43,37,16,2,3,4,5,21,,,,,,,,,,,,,,,
1,1,0,1,1,0,0,0,,,,,,,,,,,,,,,
5,,,,,,,,,,,,,,,,,,,,,,
43,32,1,2,18,,,,,,,,,,,,,,,,,,
0,1,1,0,0,,,,,,,,,,,,,,,,,,
10,,,,,,,,,,,,,,,,,,,,,,
26,32,1,2,24,4,5,7,8,9,,,,,,,,,,,,,
1,0,0,1,1,0,0,1,1,1,,,,,,,,,,,,,
14,,,,,,,,,,,,,,,,,,,,,,
26,32,16,38,2,3,4,5,6,7,8,9,13,14,,,,,,,,,
1,0,1,1,1,1,1,1,1,1,0,1,1,1,,,,,,,,,
10,,,,,,,,,,,,,,,,,,,,,,
26,32,1,38,2,3,23,5,6,44,,,,,,,,,,,,,
1,1,1,1,1,1,1,1,1,1,,,,,,,,,,,,,
18,,,,,,,,,,,,,,,,,,,,,,
43,32,1,38,2,3,23,5,6,7,8,9,41,40,42,46,55,62,,,,,
0,1,1,1,0,1,0,1,0,1,1,1,0,1,1,1,1,1,,,,,
13,,,,,,,,,,,,,,,,,,,,,,
43,37,1,2,3,23,5,6,7,8,9,13,55,,,,,,,,,,
1,1,1,1,1,1,1,1,0,1,1,1,1,,,,,,,,,,
5,,,,,,,,,,,,,,,,,,,,,,
26,37,1,2,24,,,,,,,,,,,,,,,,,,
0,1,0,1,1,,,,,,,,,,,,,,,,,,
5,,,,,,,,,,,,,,,,,,,,,,
43,37,1,2,24,,,,,,,,,,,,,,,,,,
0,1,0,0,1,,,,,,,,,,,,,,,,,,
12,,,,,,,,,,,,,,,,,,,,,,
26,32,1,2,3,17,5,6,7,8,9,29,,,,,,,,,,,
1,1,0,1,1,0,1,1,1,1,1,0,,,,,,,,,,,
5,,,,,,,,,,,,,,,,,,,,,,
26,32,16,2,24,,,,,,,,,,,,,,,,,,
0,0,1,0,1,,,,,,,,,,,,,,,,,,
14,,,,,,,,,,,,,,,,,,,,,,
26,37,1,2,3,4,5,6,7,8,9,41,22,46,,,,,,,,,
1,1,1,1,1,1,0,1,0,1,1,1,1,1,,,,,,,,,
15,,,,,,,,,,,,,,,,,,,,,,
26,32,1,38,2,24,4,5,6,7,8,9,41,46,55,,,,,,,,
0,0,0,1,1,1,1,1,1,0,1,1,0,0,1,,,,,,,,
8,,,,,,,,,,,,,,,,,,,,,,
26,37,1,2,24,23,5,45,,,,,,,,,,,,,,,
0,1,1,1,0,1,1,1,,,,,,,,,,,,,,,
5,,,,,,,,,,,,,,,,,,,,,,
26,32,1,2,24,,,,,,,,,,,,,,,,,,
1,1,1,1,1,,,,,,,,,,,,,,,,,,
5,,,,,,,,,,,,,,,,,,,,,,
26,37,1,2,3,,,,,,,,,,,,,,,,,,
0,1,0,0,0,,,,,,,,,,,,,,,,,,
9,,,,,,,,,,,,,,,,,,,,,,
26,32,19,16,2,3,23,5,21,,,,,,,,,,,,,,
1,1,1,1,1,1,1,1,1,,,,,,,,,,,,,,
5,,,,,,,,,,,,,,,,,,,,,,
43,32,16,2,24,,,,,,,,,,,,,,,,,,
1,1,1,1,0,,,,,,,,,,,,,,,,,,
12,,,,,,,,,,,,,,,,,,,,,,
26,37,1,38,2,3,4,5,61,7,8,30,,,,,,,,,,,
0,1,1,1,1,1,1,1,0,1,1,1,,,,,,,,,,,
14,,,,,,,,,,,,,,,,,,,,,,
26,32,16,2,3,4,5,7,8,9,13,40,39,46,,,,,,,,,
0,1,1,1,1,1,1,1,1,1,1,1,1,1,,,,,,,,,
5,,,,,,,,,,,,,,,,,,,,,,
26,32,16,56,2,,,,,,,,,,,,,,,,,,
1,1,0,0,0,,,,,,,,,,,,,,,,,,
8,,,,,,,,,,,,,,,,,,,,,,
26,37,1,2,24,23,61,21,,,,,,,,,,,,,,,
0,1,0,0,0,1,1,1,,,,,,,,,,,,,,,
6,,,,,,,,,,,,,,,,,,,,,,
43,32,1,2,24,17,,,,,,,,,,,,,,,,,
0,1,0,1,1,0,,,,,,,,,,,,,,,,,
5,,,,,,,,,,,,,,,,,,,,,,
26,37,1,38,2,,,,,,,,,,,,,,,,,,
1,1,1,1,1,,,,,,,,,,,,,,,,,,
5,,,,,,,,,,,,,,,,,,,,,,
26,32,1,2,24,,,,,,,,,,,,,,,,,,
1,0,1,1,1,,,,,,,,,,,,,,,,,,
8,,,,,,,,,,,,,,,,,,,,,,
43,32,1,2,24,4,5,7,,,,,,,,,,,,,,,
0,1,1,1,1,0,0,1,,,,,,,,,,,,,,,
6,,,,,,,,,,,,,,,,,,,,,,
26,37,1,2,3,17,,,,,,,,,,,,,,,,,
1,1,0,0,0,1,,,,,,,,,,,,,,,,,
6,,,,,,,,,,,,,,,,,,,,,,
26,32,1,2,3,28,,,,,,,,,,,,,,,,,
0,1,1,1,1,1,,,,,,,,,,,,,,,,,
9,,,,,,,,,,,,,,,,,,,,,,
43,37,15,1,2,6,21,62,9,,,,,,,,,,,,,,
0,1,1,0,1,1,1,1,1,,,,,,,,,,,,,,
6,,,,,,,,,,,,,,,,,,,,,,
43,37,1,2,6,21,,,,,,,,,,,,,,,,,
1,1,1,1,1,0,,,,,,,,,,,,,,,,,
8,,,,,,,,,,,,,,,,,,,,,,
43,32,1,2,6,21,63,51,,,,,,,,,,,,,,,
1,1,1,1,1,1,1,1,,,,,,,,,,,,,,,
7,,,,,,,,,,,,,,,,,,,,,,
19,26,32,1,2,45,21,,,,,,,,,,,,,,,,
1,1,1,0,1,1,1,,,,,,,,,,,,,,,,
10,,,,,,,,,,,,,,,,,,,,,,
15,43,32,1,2,6,7,9,64,51,,,,,,,,,,,,,
1,1,1,1,1,1,1,1,1,1,,,,,,,,,,,,,
7,,,,,,,,,,,,,,,,,,,,,,
26,32,1,38,2,6,21,,,,,,,,,,,,,,,,
1,1,1,1,1,1,1,,,,,,,,,,,,,,,,
7,,,,,,,,,,,,,,,,,,,,,,
43,37,16,2,6,21,64,,,,,,,,,,,,,,,,
0,0,1,1,1,0,1,,,,,,,,,,,,,,,,
12,,,,,,,,,,,,,,,,,,,,,,
43,37,16,2,3,23,6,25,8,9,13,64,,,,,,,,,,,
0,1,1,1,0,1,0,0,1,1,1,0,,,,,,,,,,,
5,,,,,,,,,,,,,,,,,,,,,,
26,37,16,2,3,,,,,,,,,,,,,,,,,,
1,1,1,1,1,,,,,,,,,,,,,,,,,,
5,,,,,,,,,,,,,,,,,,,,,,
26,27,1,2,24,,,,,,,,,,,,,,,,,,
0,0,0,1,0,,,,,,,,,,,,,,,,,,
8,,,,,,,,,,,,,,,,,,,,,,
26,32,16,2,3,23,45,7,,,,,,,,,,,,,,,
1,1,0,0,1,1,0,1,,,,,,,,,,,,,,,
6,,,,,,,,,,,,,,,,,,,,,,
26,32,16,38,2,24,,,,,,,,,,,,,,,,,
1,0,1,1,1,1,,,,,,,,,,,,,,,,,
9,,,,,,,,,,,,,,,,,,,,,,
26,37,15,16,2,3,23,6,7,,,,,,,,,,,,,,
1,1,1,1,1,1,0,1,1,,,,,,,,,,,,,,
9,,,,,,,,,,,,,,,,,,,,,,
26,32,1,38,2,3,4,5,25,,,,,,,,,,,,,,
0,0,1,1,1,1,1,1,1,,,,,,,,,,,,,,
12,,,,,,,,,,,,,,,,,,,,,,
26,37,16,38,2,24,23,6,7,8,9,41,,,,,,,,,,,
1,0,1,1,1,1,1,1,1,0,1,1,,,,,,,,,,,
7,,,,,,,,,,,,,,,,,,,,,,
26,32,1,2,3,4,21,,,,,,,,,,,,,,,,
1,1,1,1,1,1,1,,,,,,,,,,,,,,,,
6,,,,,,,,,,,,,,,,,,,,,,
26,37,1,2,24,17,,,,,,,,,,,,,,,,,
1,1,1,1,1,1,,,,,,,,,,,,,,,,,
7,,,,,,,,,,,,,,,,,,,,,,
43,32,1,2,3,23,7,,,,,,,,,,,,,,,,
1,1,1,1,1,1,1,,,,,,,,,,,,,,,,
14,,,,,,,,,,,,,,,,,,,,,,
43,32,16,38,2,24,23,5,6,7,8,9,13,55,,,,,,,,,
0,1,1,1,1,1,1,1,1,1,1,1,1,1,,,,,,,,,
5,,,,,,,,,,,,,,,,,,,,,,
26,32,1,2,3,,,,,,,,,,,,,,,,,,
1,0,1,1,1,,,,,,,,,,,,,,,,,,
6,,,,,,,,,,,,,,,,,,,,,,
13,43,37,1,2,24,,,,,,,,,,,,,,,,,
1,0,0,1,0,0,,,,,,,,,,,,,,,,,
5,,,,,,,,,,,,,,,,,,,,,,
26,37,1,2,18,,,,,,,,,,,,,,,,,,
1,1,1,1,1,,,,,,,,,,,,,,,,,,
7,,,,,,,,,,,,,,,,,,,,,,
2,26,32,1,2,3,28,,,,,,,,,,,,,,,,
1,0,1,1,1,1,0,,,,,,,,,,,,,,,,
7,,,,,,,,,,,,,,,,,,,,,,
43,32,19,1,2,3,23,,,,,,,,,,,,,,,,
1,1,1,0,1,1,1,,,,,,,,,,,,,,,,
7,,,,,,,,,,,,,,,,,,,,,,
31,23,26,37,16,6,7,,,,,,,,,,,,,,,,
0,1,0,1,1,1,0,,,,,,,,,,,,,,,,
9,,,,,,,,,,,,,,,,,,,,,,
31,17,43,32,16,2,6,7,67,,,,,,,,,,,,,,
1,1,0,1,1,1,0,1,1,,,,,,,,,,,,,,
6,,,,,,,,,,,,,,,,,,,,,,
4,26,32,1,6,7,,,,,,,,,,,,,,,,,
1,1,1,1,0,1,,,,,,,,,,,,,,,,,
8,,,,,,,,,,,,,,,,,,,,,,
4,26,32,16,6,7,65,68,,,,,,,,,,,,,,,
1,1,1,1,1,0,1,1,,,,,,,,,,,,,,,
5,,,,,,,,,,,,,,,,,,,,,,
4,32,1,6,21,,,,,,,,,,,,,,,,,,
0,1,1,1,1,,,,,,,,,,,,,,,,,,
9,,,,,,,,,,,,,,,,,,,,,,
35,4,26,32,1,66,45,7,8,,,,,,,,,,,,,,
0,0,1,1,1,0,0,1,1,,,,,,,,,,,,,,
5,,,,,,,,,,,,,,,,,,,,,,
15,26,32,1,2,,,,,,,,,,,,,,,,,,
1,0,1,1,0,,,,,,,,,,,,,,,,,,
6,,,,,,,,,,,,,,,,,,,,,,
43,32,1,2,6,21,,,,,,,,,,,,,,,,,
1,1,1,1,1,1,,,,,,,,,,,,,,,,,
10,,,,,,,,,,,,,,,,,,,,,,
43,32,1,56,2,6,21,67,68,62,,,,,,,,,,,,,
1,1,0,1,1,1,1,1,1,1,,,,,,,,,,,,,
6,,,,,,,,,,,,,,,,,,,,,,
43,32,16,2,45,44,,,,,,,,,,,,,,,,,
1,0,0,1,1,1,,,,,,,,,,,,,,,,,
7,,,,,,,,,,,,,,,,,,,,,,
26,37,1,2,6,21,63,,,,,,,,,,,,,,,,
1,1,1,1,1,1,0,,,,,,,,,,,,,,,,
7,,,,,,,,,,,,,,,,,,,,,,
43,32,1,2,31,4,21,,,,,,,,,,,,,,,,
0,1,0,1,1,0,0,,,,,,,,,,,,,,,,
5,,,,,,,,,,,,,,,,,,,,,,
32,1,2,24,28,,,,,,,,,,,,,,,,,,
1,1,0,0,1,,,,,,,,,,,,,,,,,,
10,,,,,,,,,,,,,,,,,,,,,,
43,32,15,16,2,24,23,7,8,9,,,,,,,,,,,,,
1,0,1,1,1,1,1,0,1,1,,,,,,,,,,,,,
12,,,,,,,,,,,,,,,,,,,,,,
26,37,1,31,16,2,24,23,61,7,8,9,,,,,,,,,,,
0,0,0,1,0,1,1,1,1,1,1,1,,,,,,,,,,,
11,,,,,,,,,,,,,,,,,,,,,,
26,32,1,2,24,23,45,7,8,9,13,,,,,,,,,,,,
1,0,1,0,1,0,1,1,0,1,1,,,,,,,,,,,,
7,,,,,,,,,,,,,,,,,,,,,,
26,37,35,1,2,3,17,,,,,,,,,,,,,,,,
1,1,1,0,1,0,1,,,,,,,,,,,,,,,,
6,,,,,,,,,,,,,,,,,,,,,,
2,18,2,24,23,25,,,,,,,,,,,,,,,,,
1,0,0,1,1,0,,,,,,,,,,,,,,,,,
7,,,,,,,,,,,,,,,,,,,,,,
43,32,1,2,3,4,21,,,,,,,,,,,,,,,,
0,1,1,0,0,0,1,,,,,,,,,,,,,,,,
8,,,,,,,,,,,,,,,,,,,,,,
26,32,1,16,2,3,4,21,,,,,,,,,,,,,,,
1,1,1,1,1,1,1,0,,,,,,,,,,,,,,,
5,,,,,,,,,,,,,,,,,,,,,,
43,32,1,3,17,,,,,,,,,,,,,,,,,,
0,0,0,1,0,,,,,,,,,,,,,,,,,,
6,,,,,,,,,,,,,,,,,,,,,,
43,32,16,2,24,36,,,,,,,,,,,,,,,,,
0,1,0,1,1,0,,,,,,,,,,,,,,,,,
10,,,,,,,,,,,,,,,,,,,,,,
5,26,37,16,2,24,17,7,8,9,,,,,,,,,,,,,
1,1,1,0,1,0,0,0,1,1,,,,,,,,,,,,,
6,,,,,,,,,,,,,,,,,,,,,,
5,6,7,8,9,13,,,,,,,,,,,,,,,,,
0,0,1,0,1,1,,,,,,,,,,,,,,,,,
10,,,,,,,,,,,,,,,,,,,,,,
5,43,32,1,2,24,4,7,8,13,,,,,,,,,,,,,
1,0,1,1,1,1,1,1,0,0,,,,,,,,,,,,,
6,,,,,,,,,,,,,,,,,,,,,,
26,32,1,2,6,21,,,,,,,,,,,,,,,,,
1,1,1,1,1,1,,,,,,,,,,,,,,,,,
7,,,,,,,,,,,,,,,,,,,,,,
43,32,1,2,6,21,64,,,,,,,,,,,,,,,,
1,1,1,1,1,0,1,,,,,,,,,,,,,,,,
5,,,,,,,,,,,,,,,,,,,,,,
35,26,37,1,2,,,,,,,,,,,,,,,,,,
0,0,1,1,1,,,,,,,,,,,,,,,,,,
5,,,,,,,,,,,,,,,,,,,,,,
26,32,1,2,45,,,,,,,,,,,,,,,,,,
1,0,1,1,1,,,,,,,,,,,,,,,,,,
6,,,,,,,,,,,,,,,,,,,,,,
43,37,1,2,6,21,,,,,,,,,,,,,,,,,
1,1,1,1,1,1,,,,,,,,,,,,,,,,,
7,,,,,,,,,,,,,,,,,,,,,,
19,31,26,37,16,2,45,,,,,,,,,,,,,,,,
1,0,1,0,0,1,0,,,,,,,,,,,,,,,,
6,,,,,,,,,,,,,,,,,,,,,,
43,37,1,2,45,21,,,,,,,,,,,,,,,,,
1,1,1,1,1,1,,,,,,,,,,,,,,,,,
7,,,,,,,,,,,,,,,,,,,,,,
35,26,32,1,2,6,21,,,,,,,,,,,,,,,,
1,1,1,1,0,1,0,,,,,,,,,,,,,,,,
7,,,,,,,,,,,,,,,,,,,,,,
43,37,1,38,2,6,21,,,,,,,,,,,,,,,,
1,1,1,1,1,1,1,,,,,,,,,,,,,,,,
6,,,,,,,,,,,,,,,,,,,,,,
43,37,16,2,6,44,,,,,,,,,,,,,,,,,
1,1,1,1,1,1,,,,,,,,,,,,,,,,,
6,,,,,,,,,,,,,,,,,,,,,,
17,26,32,1,6,7,,,,,,,,,,,,,,,,,
1,1,1,1,1,1,,,,,,,,,,,,,,,,,
8,,,,,,,,,,,,,,,,,,,,,,
23,26,32,1,6,21,55,58,,,,,,,,,,,,,,,
1,1,1,1,1,0,1,0,,,,,,,,,,,,,,,
7,,,,,,,,,,,,,,,,,,,,,,
4,43,32,1,6,7,65,,,,,,,,,,,,,,,,
1,1,1,0,1,1,1,,,,,,,,,,,,,,,,
9,,,,,,,,,,,,,,,,,,,,,,
4,26,32,16,6,7,65,55,71,,,,,,,,,,,,,,
1,1,1,1,1,1,1,1,0,,,,,,,,,,,,,,
11,,,,,,,,,,,,,,,,,,,,,,
23,43,37,1,66,6,7,8,30,55,62,,,,,,,,,,,,
1,0,1,0,0,1,1,0,1,1,1,,,,,,,,,,,,
7,,,,,,,,,,,,,,,,,,,,,,
4,26,32,1,2,6,21,,,,,,,,,,,,,,,,
1,1,1,1,1,0,1,,,,,,,,,,,,,,,,
7,,,,,,,,,,,,,,,,,,,,,,
26,4,26,37,1,45,7,,,,,,,,,,,,,,,,
1,1,1,1,1,1,1,,,,,,,,,,,,,,,,
8,,,,,,,,,,,,,,,,,,,,,,
26,35,4,26,32,1,6,21,,,,,,,,,,,,,,,
1,0,1,0,1,1,1,1,,,,,,,,,,,,,,,
5,,,,,,,,,,,,,,,,,,,,,,
26,4,5,6,7,,,,,,,,,,,,,,,,,,
0,1,1,1,1,,,,,,,,,,,,,,,,,,
6,,,,,,,,,,,,,,,,,,,,,,
4,26,37,1,6,7,,,,,,,,,,,,,,,,,
1,1,1,0,0,1,,,,,,,,,,,,,,,,,
9,,,,,,,,,,,,,,,,,,,,,,
26,18,4,43,32,1,6,21,9,,,,,,,,,,,,,,
1,1,1,1,1,1,1,1,1,,,,,,,,,,,,,,
6,,,,,,,,,,,,,,,,,,,,,,
26,23,5,6,7,8,,,,,,,,,,,,,,,,,
0,1,0,1,1,1,,,,,,,,,,,,,,,,,
9,,,,,,,,,,,,,,,,,,,,,,
4,5,26,32,1,66,6,7,65,,,,,,,,,,,,,,
1,1,1,1,0,1,1,1,1,,,,,,,,,,,,,,
8,,,,,,,,,,,,,,,,,,,,,,
26,4,5,43,32,1,6,7,,,,,,,,,,,,,,,
1,1,1,1,1,1,1,1,,,,,,,,,,,,,,,
5,,,,,,,,,,,,,,,,,,,,,,
26,28,43,32,1,,,,,,,,,,,,,,,,,,
1,1,1,0,1,,,,,,,,,,,,,,,,,,
7,,,,,,,,,,,,,,,,,,,,,,
43,32,1,2,6,21,53,,,,,,,,,,,,,,,,
1,1,1,1,1,1,1,,,,,,,,,,,,,,,,
9,,,,,,,,,,,,,,,,,,,,,,
36,26,32,16,56,2,31,45,44,,,,,,,,,,,,,,
1,0,1,0,1,1,1,1,0,,,,,,,,,,,,,,
7,,,,,,,,,,,,,,,,,,,,,,
26,37,16,38,2,6,21,,,,,,,,,,,,,,,,
0,0,1,1,1,1,1,,,,,,,,,,,,,,,,
12,,,,,,,,,,,,,,,,,,,,,,
15,36,26,37,1,2,6,25,9,62,69,9,,,,,,,,,,,
1,1,1,1,1,1,1,1,0,1,1,1,,,,,,,,,,,
9,,,,,,,,,,,,,,,,,,,,,,
15,26,32,16,2,6,25,51,62,,,,,,,,,,,,,,
0,1,1,0,1,1,1,1,1,,,,,,,,,,,,,,
11,,,,,,,,,,,,,,,,,,,,,,
26,37,16,38,2,3,4,5,25,8,9,,,,,,,,,,,,
1,0,1,1,1,1,1,1,0,0,1,,,,,,,,,,,,
13,,,,,,,,,,,,,,,,,,,,,,
26,32,1,2,24,23,5,7,8,9,41,40,42,,,,,,,,,,
0,1,1,1,1,1,0,1,1,1,0,1,1,,,,,,,,,,
5,,,,,,,,,,,,,,,,,,,,,,
26,37,1,2,3,,,,,,,,,,,,,,,,,,
1,0,1,1,0,,,,,,,,,,,,,,,,,,
5,,,,,,,,,,,,,,,,,,,,,,
26,32,16,2,3,,,,,,,,,,,,,,,,,,
1,1,1,1,0,,,,,,,,,,,,,,,,,,
6,,,,,,,,,,,,,,,,,,,,,,
26,32,1,2,3,28,,,,,,,,,,,,,,,,,
0,0,0,1,1,1,,,,,,,,,,,,,,,,,
10,,,,,,,,,,,,,,,,,,,,,,
43,32,1,2,24,4,45,7,8,9,,,,,,,,,,,,,
0,1,1,1,1,0,1,1,1,1,,,,,,,,,,,,,
8,,,,,,,,,,,,,,,,,,,,,,
26,32,16,2,3,23,5,7,,,,,,,,,,,,,,,
0,1,0,1,1,0,1,1,,,,,,,,,,,,,,,
9,,,,,,,,,,,,,,,,,,,,,,
43,32,1,2,24,4,5,6,21,,,,,,,,,,,,,,
1,1,1,1,1,1,0,0,1,,,,,,,,,,,,,,
6,,,,,,,,,,,,,,,,,,,,,,
43,32,16,38,2,3,,,,,,,,,,,,,,,,,
1,1,0,1,1,1,,,,,,,,,,,,,,,,,
10,,,,,,,,,,,,,,,,,,,,,,
43,37,16,2,3,4,5,7,8,9,,,,,,,,,,,,,
0,1,1,1,1,1,0,1,1,0,,,,,,,,,,,,,
6,,,,,,,,,,,,,,,,,,,,,,
43,37,1,38,2,24,,,,,,,,,,,,,,,,,
1,1,1,1,1,1,,,,,,,,,,,,,,,,,
6,,,,,,,,,,,,,,,,,,,,,,
26,37,1,38,2,24,,,,,,,,,,,,,,,,,
1,1,1,1,1,1,,,,,,,,,,,,,,,,,
9,,,,,,,,,,,,,,,,,,,,,,
43,37,1,2,24,4,6,7,8,,,,,,,,,,,,,,
0,1,1,1,1,1,1,0,0,,,,,,,,,,,,,,
10,,,,,,,,,,,,,,,,,,,,,,
43,32,1,38,2,3,4,5,45,21,,,,,,,,,,,,,
0,1,0,0,1,0,1,1,0,1,,,,,,,,,,,,,
5,,,,,,,,,,,,,,,,,,,,,,
26,32,1,2,3,,,,,,,,,,,,,,,,,,
1,1,1,0,1,,,,,,,,,,,,,,,,,,
12,,,,,,,,,,,,,,,,,,,,,,
43,37,16,2,3,4,5,45,7,8,9,13,,,,,,,,,,,
1,0,1,0,1,0,1,1,1,1,1,1,,,,,,,,,,,
5,,,,,,,,,,,,,,,,,,,,,,
43,32,1,2,18,,,,,,,,,,,,,,,,,,
1,1,1,1,1,,,,,,,,,,,,,,,,,,
11,,,,,,,,,,,,,,,,,,,,,,
43,37,16,2,24,4,5,45,7,8,9,,,,,,,,,,,,
1,1,0,1,0,1,1,1,1,1,1,,,,,,,,,,,,
6,,,,,,,,,,,,,,,,,,,,,,
19,23,26,32,1,61,,,,,,,,,,,,,,,,,
1,1,1,0,1,1,,,,,,,,,,,,,,,,,
8,,,,,,,,,,,,,,,,,,,,,,
19,31,4,26,32,1,6,21,,,,,,,,,,,,,,,
1,0,1,1,1,1,1,0,,,,,,,,,,,,,,,
7,,,,,,,,,,,,,,,,,,,,,,
35,4,26,37,16,6,7,,,,,,,,,,,,,,,,
0,1,1,1,1,1,0,,,,,,,,,,,,,,,,
7,,,,,,,,,,,,,,,,,,,,,,
23,43,32,1,59,45,21,,,,,,,,,,,,,,,,
1,1,1,0,1,1,1,,,,,,,,,,,,,,,,
10,,,,,,,,,,,,,,,,,,,,,,
19,4,26,32,16,2,6,7,65,62,,,,,,,,,,,,,
1,0,1,1,1,1,0,1,1,1,,,,,,,,,,,,,
9,,,,,,,,,,,,,,,,,,,,,,
26,37,1,2,24,17,5,45,25,,,,,,,,,,,,,,
1,1,1,1,1,1,1,1,1,,,,,,,,,,,,,,
5,,,,,,,,,,,,,,,,,,,,,,
26,32,1,2,24,,,,,,,,,,,,,,,,,,
1,0,1,0,0,,,,,,,,,,,,,,,,,,
11,,,,,,,,,,,,,,,,,,,,,,
26,32,16,2,3,23,5,61,7,8,13,,,,,,,,,,,,
1,0,1,1,1,1,1,1,0,0,1,,,,,,,,,,,,
12,,,,,,,,,,,,,,,,,,,,,,
26,32,1,2,24,23,5,7,8,9,29,46,,,,,,,,,,,
1,1,1,1,1,1,1,1,1,1,0,0,,,,,,,,,,,
5,,,,,,,,,,,,,,,,,,,,,,
26,37,1,2,24,,,,,,,,,,,,,,,,,,
1,1,1,1,1,,,,,,,,,,,,,,,,,,
7,,,,,,,,,,,,,,,,,,,,,,
35,26,37,1,2,18,61,,,,,,,,,,,,,,,,
1,1,1,1,1,1,0,,,,,,,,,,,,,,,,
7,,,,,,,,,,,,,,,,,,,,,,
43,37,15,1,38,2,24,,,,,,,,,,,,,,,,
1,1,1,1,0,1,1,,,,,,,,,,,,,,,,
5,,,,,,,,,,,,,,,,,,,,,,
43,32,16,2,61,,,,,,,,,,,,,,,,,,
1,1,0,1,1,,,,,,,,,,,,,,,,,,
5,,,,,,,,,,,,,,,,,,,,,,
19,36,43,37,1,,,,,,,,,,,,,,,,,,
1,1,1,1,1,,,,,,,,,,,,,,,,,,
6,,,,,,,,,,,,,,,,,,,,,,
43,37,1,2,6,21,,,,,,,,,,,,,,,,,
1,1,1,1,1,1,,,,,,,,,,,,,,,,,
10,,,,,,,,,,,,,,,,,,,,,,
43,32,15,16,2,6,21,64,55,71,,,,,,,,,,,,,
0,1,1,1,1,1,1,1,1,0,,,,,,,,,,,,,
7,,,,,,,,,,,,,,,,,,,,,,
26,32,16,56,2,6,25,,,,,,,,,,,,,,,,
1,1,1,1,1,1,1,,,,,,,,,,,,,,,,
5,,,,,,,,,,,,,,,,,,,,,,
26,37,16,2,45,,,,,,,,,,,,,,,,,,
0,1,1,1,1,,,,,,,,,,,,,,,,,,
7,,,,,,,,,,,,,,,,,,,,,,
26,32,1,2,6,21,30,,,,,,,,,,,,,,,,
1,1,1,1,1,1,0,,,,,,,,,,,,,,,,
6,,,,,,,,,,,,,,,,,,,,,,
43,32,1,38,2,31,,,,,,,,,,,,,,,,,
1,1,1,1,1,0,,,,,,,,,,,,,,,,,
5,,,,,,,,,,,,,,,,,,,,,,
43,32,1,2,3,,,,,,,,,,,,,,,,,,
0,1,0,1,1,,,,,,,,,,,,,,,,,,
5,,,,,,,,,,,,,,,,,,,,,,
26,37,1,2,18,,,,,,,,,,,,,,,,,,
1,0,1,1,1,,,,,,,,,,,,,,,,,,
6,,,,,,,,,,,,,,,,,,,,,,
26,32,16,2,3,17,,,,,,,,,,,,,,,,,
1,1,0,1,0,1,,,,,,,,,,,,,,,,,
13,,,,,,,,,,,,,,,,,,,,,,
26,37,1,2,24,4,6,7,8,9,41,10,39,,,,,,,,,,
1,1,0,1,1,1,1,1,1,1,1,1,0,,,,,,,,,,
5,,,,,,,,,,,,,,,,,,,,,,
26,32,16,2,18,,,,,,,,,,,,,,,,,,
0,1,0,0,0,,,,,,,,,,,,,,,,,,
6,,,,,,,,,,,,,,,,,,,,,,
26,32,1,2,24,23,,,,,,,,,,,,,,,,,
0,1,1,1,1,1,,,,,,,,,,,,,,,,,
5,,,,,,,,,,,,,,,,,,,,,,
26,37,1,2,3,,,,,,,,,,,,,,,,,,
0,1,1,0,1,,,,,,,,,,,,,,,,,,
7,,,,,,,,,,,,,,,,,,,,,,
27,2,11,45,27,59,31,,,,,,,,,,,,,,,,
0,0,1,1,0,1,0,,,,,,,,,,,,,,,,
5,,,,,,,,,,,,,,,,,,,,,,
48,50,49,64,53,,,,,,,,,,,,,,,,,,
1,1,1,1,1,,,,,,,,,,,,,,,,,,
5,,,,,,,,,,,,,,,,,,,,,,
41,40,39,46,48,,,,,,,,,,,,,,,,,,
1,1,1,1,1,,,,,,,,,,,,,,,,,,
5,,,,,,,,,,,,,,,,,,,,,,
7,8,9,41,40,,,,,,,,,,,,,,,,,,
1,1,0,1,1,,,,,,,,,,,,,,,,,,
5,,,,,,,,,,,,,,,,,,,,,,
6,25,8,9,20,,,,,,,,,,,,,,,,,,
0,1,0,1,1,,,,,,,,,,,,,,,,,,
5,,,,,,,,,,,,,,,,,,,,,,
7,8,9,40,39,,,,,,,,,,,,,,,,,,
0,1,1,1,1,,,,,,,,,,,,,,,,,,
6,,,,,,,,,,,,,,,,,,,,,,
7,8,9,13,40,39,,,,,,,,,,,,,,,,,
1,1,0,0,1,0,,,,,,,,,,,,,,,,,
5,,,,,,,,,,,,,,,,,,,,,,
8,9,41,40,39,,,,,,,,,,,,,,,,,,
1,1,1,1,1,,,,,,,,,,,,,,,,,,
11,,,,,,,,,,,,,,,,,,,,,,
9,13,40,39,46,48,50,49,64,55,53,,,,,,,,,,,,
1,1,1,1,0,1,1,1,1,1,1,,,,,,,,,,,,
9,,,,,,,,,,,,,,,,,,,,,,
8,9,41,40,39,46,47,48,50,,,,,,,,,,,,,,
0,1,1,1,1,1,1,1,1,,,,,,,,,,,,,,
7,,,,,,,,,,,,,,,,,,,,,,
46,47,48,50,49,55,53,,,,,,,,,,,,,,,,
1,1,1,1,0,1,1,,,,,,,,,,,,,,,,
5,,,,,,,,,,,,,,,,,,,,,,
46,47,48,50,49,,,,,,,,,,,,,,,,,,
0,0,1,1,0,,,,,,,,,,,,,,,,,,
7,,,,,,,,,,,,,,,,,,,,,,
46,47,48,50,49,53,67,,,,,,,,,,,,,,,,
1,0,1,1,1,1,1,,,,,,,,,,,,,,,,
5,,,,,,,,,,,,,,,,,,,,,,
46,48,50,49,53,,,,,,,,,,,,,,,,,,
1,1,1,0,1,,,,,,,,,,,,,,,,,,
6,,,,,,,,,,,,,,,,,,,,,,
47,48,50,49,53,54,,,,,,,,,,,,,,,,,
1,1,1,0,1,0,,,,,,,,,,,,,,,,,
6,,,,,,,,,,,,,,,,,,,,,,
46,47,48,50,49,53,,,,,,,,,,,,,,,,,
0,1,1,1,1,1,,,,,,,,,,,,,,,,,
5,,,,,,,,,,,,,,,,,,,,,,
46,48,50,49,53,,,,,,,,,,,,,,,,,,
1,1,1,0,1,,,,,,,,,,,,,,,,,,
6,,,,,,,,,,,,,,,,,,,,,,
46,47,48,50,49,53,,,,,,,,,,,,,,,,,
1,1,1,1,1,1,,,,,,,,,,,,,,,,,
8,,,,,,,,,,,,,,,,,,,,,,
46,47,48,50,49,53,54,62,,,,,,,,,,,,,,,
0,1,0,0,1,1,1,1,,,,,,,,,,,,,,,
6,,,,,,,,,,,,,,,,,,,,,,
46,48,50,49,53,62,,,,,,,,,,,,,,,,,
1,1,1,0,1,1,,,,,,,,,,,,,,,,,
7,,,,,,,,,,,,,,,,,,,,,,
46,47,48,50,49,53,54,,,,,,,,,,,,,,,,
1,1,1,1,1,1,1,,,,,,,,,,,,,,,,
5,,,,,,,,,,,,,,,,,,,,,,
48,50,49,53,62,,,,,,,,,,,,,,,,,,
1,1,1,0,1,,,,,,,,,,,,,,,,,,
6,,,,,,,,,,,,,,,,,,,,,,
46,48,50,49,53,62,,,,,,,,,,,,,,,,,
1,1,1,0,1,1,,,,,,,,,,,,,,,,,
5,,,,,,,,,,,,,,,,,,,,,,
46,47,48,50,49,,,,,,,,,,,,,,,,,,
1,1,1,1,1,,,,,,,,,,,,,,,,,,
7,,,,,,,,,,,,,,,,,,,,,,
46,47,48,50,49,53,72,,,,,,,,,,,,,,,,
1,1,1,1,1,1,1,,,,,,,,,,,,,,,,
5,,,,,,,,,,,,,,,,,,,,,,
46,48,50,49,53,,,,,,,,,,,,,,,,,,
1,1,0,1,0,,,,,,,,,,,,,,,,,,
5,,,,,,,,,,,,,,,,,,,,,,
27,18,45,28,39,,,,,,,,,,,,,,,,,,
1,1,1,1,1,,,,,,,,,,,,,,,,,,
5,,,,,,,,,,,,,,,,,,,,,,
32,1,38,2,24,,,,,,,,,,,,,,,,,,
1,0,0,0,1,,,,,,,,,,,,,,,,,,
5,,,,,,,,,,,,,,,,,,,,,,
15,1,2,18,17,,,,,,,,,,,,,,,,,,
1,1,1,0,1,,,,,,,,,,,,,,,,,,
8,,,,,,,,,,,,,,,,,,,,,,
2,3,4,6,7,8,9,13,,,,,,,,,,,,,,,
1,1,1,0,1,1,1,0,,,,,,,,,,,,,,,
7,,,,,,,,,,,,,,,,,,,,,,
1,38,2,24,4,5,6,,,,,,,,,,,,,,,,
1,1,0,1,0,1,0,,,,,,,,,,,,,,,,
7,,,,,,,,,,,,,,,,,,,,,,
2,24,4,45,7,8,9,,,,,,,,,,,,,,,,
1,1,1,1,1,1,0,,,,,,,,,,,,,,,,
5,,,,,,,,,,,,,,,,,,,,,,
27,18,6,39,46,,,,,,,,,,,,,,,,,,
1,1,1,0,1,,,,,,,,,,,,,,,,,,
5,,,,,,,,,,,,,,,,,,,,,,
43,32,1,2,18,,,,,,,,,,,,,,,,,,
0,1,1,1,0,,,,,,,,,,,,,,,,,,
5,,,,,,,,,,,,,,,,,,,,,,
32,1,38,2,18,,,,,,,,,,,,,,,,,,
1,1,0,1,0,,,,,,,,,,,,,,,,,,
7,,,,,,,,,,,,,,,,,,,,,,
1,2,3,17,5,45,25,,,,,,,,,,,,,,,,
0,1,1,1,0,1,0,,,,,,,,,,,,,,,,
8,,,,,,,,,,,,,,,,,,,,,,
32,1,2,3,4,5,6,21,,,,,,,,,,,,,,,
1,0,0,1,0,1,0,1,,,,,,,,,,,,,,,
7,,,,,,,,,,,,,,,,,,,,,,
15,16,2,24,23,5,45,,,,,,,,,,,,,,,,
1,1,1,1,1,1,1,,,,,,,,,,,,,,,,
5,,,,,,,,,,,,,,,,,,,,,,
19,1,2,3,23,,,,,,,,,,,,,,,,,,
0,0,0,1,1,,,,,,,,,,,,,,,,,,
5,,,,,,,,,,,,,,,,,,,,,,
32,16,56,2,3,,,,,,,,,,,,,,,,,,
1,1,1,1,1,,,,,,,,,,,,,,,,,,
9,,,,,,,,,,,,,,,,,,,,,,
1,2,3,23,5,6,7,8,30,,,,,,,,,,,,,,
0,1,1,1,1,1,1,1,1,,,,,,,,,,,,,,
5,,,,,,,,,,,,,,,,,,,,,,
19,16,2,3,17,,,,,,,,,,,,,,,,,,
1,1,1,0,1,,,,,,,,,,,,,,,,,,
5,,,,,,,,,,,,,,,,,,,,,,
32,1,38,2,18,,,,,,,,,,,,,,,,,,
0,1,1,1,0,,,,,,,,,,,,,,,,,,
5,,,,,,,,,,,,,,,,,,,,,,
43,32,1,2,18,,,,,,,,,,,,,,,,,,
1,1,1,1,0,,,,,,,,,,,,,,,,,,
5,,,,,,,,,,,,,,,,,,,,,,
43,32,16,2,18,,,,,,,,,,,,,,,,,,
1,1,1,1,1,,,,,,,,,,,,,,,,,,
5,,,,,,,,,,,,,,,,,,,,,,
32,1,38,2,18,,,,,,,,,,,,,,,,,,
1,0,1,1,1,,,,,,,,,,,,,,,,,,
9,,,,,,,,,,,,,,,,,,,,,,
1,2,24,23,5,6,7,8,9,,,,,,,,,,,,,,
0,1,1,1,1,1,1,1,1,,,,,,,,,,,,,,
5,,,,,,,,,,,,,,,,,,,,,,
37,19,1,2,18,,,,,,,,,,,,,,,,,,
1,1,1,1,1,,,,,,,,,,,,,,,,,,
9,,,,,,,,,,,,,,,,,,,,,,
26,32,16,2,3,4,5,6,21,,,,,,,,,,,,,,
0,1,0,1,1,1,1,1,1,,,,,,,,,,,,,,
5,,,,,,,,,,,,,,,,,,,,,,
32,1,38,2,18,,,,,,,,,,,,,,,,,,
1,0,1,0,1,,,,,,,,,,,,,,,,,,
5,,,,,,,,,,,,,,,,,,,,,,
1,2,3,4,5,,,,,,,,,,,,,,,,,,
1,0,1,1,1,,,,,,,,,,,,,,,,,,
8,,,,,,,,,,,,,,,,,,,,,,
15,16,2,43,32,1,2,3,,,,,,,,,,,,,,,
1,0,1,1,1,1,1,1,,,,,,,,,,,,,,,
7,,,,,,,,,,,,,,,,,,,,,,
43,37,26,32,1,2,18,,,,,,,,,,,,,,,,
0,1,0,1,1,1,1,,,,,,,,,,,,,,,,
7,,,,,,,,,,,,,,,,,,,,,,
19,34,26,37,1,2,18,,,,,,,,,,,,,,,,
0,1,0,1,1,1,1,,,,,,,,,,,,,,,,
8,,,,,,,,,,,,,,,,,,,,,,
32,1,26,32,19,1,2,24,,,,,,,,,,,,,,,
1,1,1,1,1,1,1,1,,,,,,,,,,,,,,,
6,,,,,,,,,,,,,,,,,,,,,,
26,37,1,38,2,18,,,,,,,,,,,,,,,,,
0,1,0,1,0,0,,,,,,,,,,,,,,,,,
7,,,,,,,,,,,,,,,,,,,,,,
37,19,26,32,1,2,18,,,,,,,,,,,,,,,,
1,1,1,1,1,1,1,,,,,,,,,,,,,,,,
8,,,,,,,,,,,,,,,,,,,,,,
43,70,43,32,19,16,2,3,,,,,,,,,,,,,,,
0,1,1,1,1,1,0,1,,,,,,,,,,,,,,,
6,,,,,,,,,,,,,,,,,,,,,,
26,32,1,38,2,24,,,,,,,,,,,,,,,,,
0,1,1,1,0,0,,,,,,,,,,,,,,,,,
7,,,,,,,,,,,,,,,,,,,,,,
32,19,1,2,4,6,21,,,,,,,,,,,,,,,,
1,1,1,1,1,1,1,,,,,,,,,,,,,,,,
5,,,,,,,,,,,,,,,,,,,,,,
32,16,4,5,45,,,,,,,,,,,,,,,,,,
1,1,0,1,1,,,,,,,,,,,,,,,,,,
7,,,,,,,,,,,,,,,,,,,,,,
32,1,2,4,5,6,21,,,,,,,,,,,,,,,,
1,0,1,1,1,1,0,,,,,,,,,,,,,,,,
6,,,,,,,,,,,,,,,,,,,,,,
32,19,1,4,6,21,,,,,,,,,,,,,,,,,
1,0,0,1,1,0,,,,,,,,,,,,,,,,,
7,,,,,,,,,,,,,,,,,,,,,,
32,19,1,17,5,6,21,,,,,,,,,,,,,,,,
1,0,1,0,1,0,0,,,,,,,,,,,,,,,,
5,,,,,,,,,,,,,,,,,,,,,,
32,1,4,5,61,,,,,,,,,,,,,,,,,,
1,1,1,1,1,,,,,,,,,,,,,,,,,,
5,,,,,,,,,,,,,,,,,,,,,,
1,4,5,6,25,,,,,,,,,,,,,,,,,,
1,0,1,0,1,,,,,,,,,,,,,,,,,,
6,,,,,,,,,,,,,,,,,,,,,,
32,1,2,4,5,45,,,,,,,,,,,,,,,,,
1,0,1,1,0,1,,,,,,,,,,,,,,,,,
6,,,,,,,,,,,,,,,,,,,,,,
1,2,17,5,6,21,,,,,,,,,,,,,,,,,
0,1,1,0,1,0,,,,,,,,,,,,,,,,,
9,,,,,,,,,,,,,,,,,,,,,,
21,32,19,16,2,23,5,45,21,,,,,,,,,,,,,,
0,0,1,0,0,1,1,0,0,,,,,,,,,,,,,,
6,,,,,,,,,,,,,,,,,,,,,,
32,1,38,2,4,5,,,,,,,,,,,,,,,,,
0,1,1,1,1,1,,,,,,,,,,,,,,,,,
5,,,,,,,,,,,,,,,,,,,,,,
43,32,26,32,15,,,,,,,,,,,,,,,,,,
0,1,1,1,1,,,,,,,,,,,,,,,,,,
6,,,,,,,,,,,,,,,,,,,,,,
43,37,43,37,1,2,,,,,,,,,,,,,,,,,
1,1,1,1,0,1,,,,,,,,,,,,,,,,,
5,,,,,,,,,,,,,,,,,,,,,,
26,37,1,2,24,,,,,,,,,,,,,,,,,,
1,1,1,1,1,,,,,,,,,,,,,,,,,,
7,,,,,,,,,,,,,,,,,,,,,,
26,37,43,37,1,2,18,,,,,,,,,,,,,,,,
0,1,1,1,0,1,0,,,,,,,,,,,,,,,,
8,,,,,,,,,,,,,,,,,,,,,,
32,1,2,26,32,1,2,18,,,,,,,,,,,,,,,
1,1,1,1,0,1,0,0,,,,,,,,,,,,,,,
6,,,,,,,,,,,,,,,,,,,,,,
26,32,16,66,2,3,,,,,,,,,,,,,,,,,
0,1,1,1,1,1,,,,,,,,,,,,,,,,,
5,,,,,,,,,,,,,,,,,,,,,,
43,37,1,66,2,,,,,,,,,,,,,,,,,,
0,1,1,0,1,,,,,,,,,,,,,,,,,,
5,,,,,,,,,,,,,,,,,,,,,,
26,32,1,66,2,,,,,,,,,,,,,,,,,,
0,1,1,0,1,,,,,,,,,,,,,,,,,,
5,,,,,,,,,,,,,,,,,,,,,,
32,43,32,1,2,,,,,,,,,,,,,,,,,,
0,0,1,0,0,,,,,,,,,,,,,,,,,,
5,,,,,,,,,,,,,,,,,,,,,,
26,37,1,2,24,,,,,,,,,,,,,,,,,,
0,1,1,1,0,,,,,,,,,,,,,,,,,,
8,,,,,,,,,,,,,,,,,,,,,,
43,27,26,32,16,66,2,18,,,,,,,,,,,,,,,
1,1,1,1,1,1,1,1,,,,,,,,,,,,,,,
7,,,,,,,,,,,,,,,,,,,,,,
32,1,2,43,37,1,2,,,,,,,,,,,,,,,,
1,1,1,1,1,1,1,,,,,,,,,,,,,,,,
5,,,,,,,,,,,,,,,,,,,,,,
18,32,16,2,18,,,,,,,,,,,,,,,,,,
0,1,1,1,1,,,,,,,,,,,,,,,,,,
6,,,,,,,,,,,,,,,,,,,,,,
43,27,26,32,1,2,,,,,,,,,,,,,,,,,
0,0,1,0,1,1,,,,,,,,,,,,,,,,,
5,,,,,,,,,,,,,,,,,,,,,,
1,26,32,1,2,,,,,,,,,,,,,,,,,,
1,1,1,0,1,,,,,,,,,,,,,,,,,,
7,,,,,,,,,,,,,,,,,,,,,,
43,37,26,32,1,2,31,,,,,,,,,,,,,,,,
1,1,0,1,1,1,1,,,,,,,,,,,,,,,,
6,,,,,,,,,,,,,,,,,,,,,,
43,27,26,32,1,2,,,,,,,,,,,,,,,,,
1,1,1,1,0,0,,,,,,,,,,,,,,,,,
7,,,,,,,,,,,,,,,,,,,,,,
43,32,26,32,1,2,3,,,,,,,,,,,,,,,,
1,0,0,0,0,1,0,,,,,,,,,,,,,,,,
8,,,,,,,,,,,,,,,,,,,,,,
43,37,26,32,19,16,2,18,,,,,,,,,,,,,,,
1,1,0,1,1,1,0,0,,,,,,,,,,,,,,,
7,,,,,,,,,,,,,,,,,,,,,,
19,16,26,32,16,2,18,,,,,,,,,,,,,,,,
1,0,0,1,1,1,0,,,,,,,,,,,,,,,,
5,,,,,,,,,,,,,,,,,,,,,,
43,32,16,56,2,,,,,,,,,,,,,,,,,,
1,1,1,0,1,,,,,,,,,,,,,,,,,,
6,,,,,,,,,,,,,,,,,,,,,,
26,32,1,2,3,36,,,,,,,,,,,,,,,,,
1,1,1,1,1,0,,,,,,,,,,,,,,,,,
6,,,,,,,,,,,,,,,,,,,,,,
37,19,34,43,32,1,,,,,,,,,,,,,,,,,
0,1,1,1,1,1,,,,,,,,,,,,,,,,,
5,,,,,,,,,,,,,,,,,,,,,,
26,37,1,66,2,,,,,,,,,,,,,,,,,,
1,1,1,0,1,,,,,,,,,,,,,,,,,,
5,,,,,,,,,,,,,,,,,,,,,,
26,32,19,34,24,,,,,,,,,,,,,,,,,,
1,1,1,0,1,,,,,,,,,,,,,,,,,,
11,,,,,,,,,,,,,,,,,,,,,,
43,37,19,34,24,4,5,6,7,8,9,,,,,,,,,,,,
1,1,1,0,0,1,0,1,1,0,1,,,,,,,,,,,,
10,,,,,,,,,,,,,,,,,,,,,,
43,27,35,24,4,6,7,8,9,13,,,,,,,,,,,,,
1,0,1,1,1,1,1,1,0,1,,,,,,,,,,,,,
6,,,,,,,,,,,,,,,,,,,,,,
43,37,15,16,3,36,,,,,,,,,,,,,,,,,
1,1,1,1,1,1,,,,,,,,,,,,,,,,,
5,,,,,,,,,,,,,,,,,,,,,,
43,32,35,3,4,,,,,,,,,,,,,,,,,,
1,0,1,0,1,,,,,,,,,,,,,,,,,,
5,,,,,,,,,,,,,,,,,,,,,,
32,19,16,24,17,,,,,,,,,,,,,,,,,,
1,1,0,1,0,,,,,,,,,,,,,,,,,,
5,,,,,,,,,,,,,,,,,,,,,,
32,15,1,24,23,,,,,,,,,,,,,,,,,,
1,1,0,1,1,,,,,,,,,,,,,,,,,,
5,,,,,,,,,,,,,,,,,,,,,,
43,32,1,2,24,,,,,,,,,,,,,,,,,,
0,1,0,1,0,,,,,,,,,,,,,,,,,,
5,,,,,,,,,,,,,,,,,,,,,,
43,32,1,2,24,,,,,,,,,,,,,,,,,,
0,1,0,1,1,,,,,,,,,,,,,,,,,,
6,,,,,,,,,,,,,,,,,,,,,,
32,16,38,2,3,17,,,,,,,,,,,,,,,,,
1,1,1,1,1,1,,,,,,,,,,,,,,,,,
6,,,,,,,,,,,,,,,,,,,,,,
26,37,1,2,24,17,,,,,,,,,,,,,,,,,
0,1,1,1,0,0,,,,,,,,,,,,,,,,,
11,,,,,,,,,,,,,,,,,,,,,,
37,1,2,3,17,5,6,7,8,9,57,,,,,,,,,,,,
0,1,1,1,1,1,1,1,1,1,1,,,,,,,,,,,,
5,,,,,,,,,,,,,,,,,,,,,,
32,15,1,2,18,,,,,,,,,,,,,,,,,,
1,1,1,1,1,,,,,,,,,,,,,,,,,,
6,,,,,,,,,,,,,,,,,,,,,,
32,1,2,3,4,5,,,,,,,,,,,,,,,,,
1,1,0,1,1,1,,,,,,,,,,,,,,,,,
5,,,,,,,,,,,,,,,,,,,,,,
32,16,2,3,23,,,,,,,,,,,,,,,,,,
1,1,1,1,1,,,,,,,,,,,,,,,,,,
5,,,,,,,,,,,,,,,,,,,,,,
43,32,1,2,3,,,,,,,,,,,,,,,,,,
0,1,1,1,0,,,,,,,,,,,,,,,,,,
7,,,,,,,,,,,,,,,,,,,,,,
6,25,2,3,23,5,45,,,,,,,,,,,,,,,,
1,1,0,1,1,1,1,,,,,,,,,,,,,,,,
5,,,,,,,,,,,,,,,,,,,,,,
43,37,1,2,3,,,,,,,,,,,,,,,,,,
0,1,0,1,1,,,,,,,,,,,,,,,,,,
5,,,,,,,,,,,,,,,,,,,,,,
43,37,16,2,18,,,,,,,,,,,,,,,,,,
1,1,0,1,1,,,,,,,,,,,,,,,,,,
6,,,,,,,,,,,,,,,,,,,,,,
43,32,1,38,2,24,,,,,,,,,,,,,,,,,
1,1,1,1,1,1,,,,,,,,,,,,,,,,,
6,,,,,,,,,,,,,,,,,,,,,,
43,32,1,56,2,24,,,,,,,,,,,,,,,,,
1,1,1,0,1,1,,,,,,,,,,,,,,,,,
10,,,,,,,,,,,,,,,,,,,,,,
32,35,19,16,2,24,23,5,6,21,,,,,,,,,,,,,
1,0,1,0,1,1,1,1,1,0,,,,,,,,,,,,,
5,,,,,,,,,,,,,,,,,,,,,,
43,32,16,2,24,,,,,,,,,,,,,,,,,,
1,1,0,1,1,,,,,,,,,,,,,,,,,,
7,,,,,,,,,,,,,,,,,,,,,,
32,16,2,24,23,5,6,,,,,,,,,,,,,,,,
1,1,1,1,1,1,1,,,,,,,,,,,,,,,,
5,,,,,,,,,,,,,,,,,,,,,,
32,1,38,2,3,,,,,,,,,,,,,,,,,,
1,0,1,1,0,,,,,,,,,,,,,,,,,,
6,,,,,,,,,,,,,,,,,,,,,,
43,37,1,56,2,24,,,,,,,,,,,,,,,,,
0,1,1,0,1,1,,,,,,,,,,,,,,,,,
5,,,,,,,,,,,,,,,,,,,,,,
15,1,56,2,3,,,,,,,,,,,,,,,,,,
1,0,1,1,1,,,,,,,,,,,,,,,,,,
5,,,,,,,,,,,,,,,,,,,,,,
43,37,1,2,18,,,,,,,,,,,,,,,,,,
0,0,1,0,1,,,,,,,,,,,,,,,,,,
5,,,,,,,,,,,,,,,,,,,,,,
32,1,38,2,24,,,,,,,,,,,,,,,,,,
0,1,0,1,1,,,,,,,,,,,,,,,,,,
7,,,,,,,,,,,,,,,,,,,,,,
32,1,2,24,4,5,45,,,,,,,,,,,,,,,,
1,1,1,1,1,1,0,,,,,,,,,,,,,,,,
9,,,,,,,,,,,,,,,,,,,,,,
37,16,38,2,24,4,5,45,21,,,,,,,,,,,,,,
1,0,1,1,1,1,0,1,1,,,,,,,,,,,,,,
5,,,,,,,,,,,,,,,,,,,,,,
43,37,1,2,24,,,,,,,,,,,,,,,,,,
0,1,1,1,1,,,,,,,,,,,,,,,,,,
7,,,,,,,,,,,,,,,,,,,,,,
1,2,3,4,5,6,21,,,,,,,,,,,,,,,,
0,0,0,1,1,1,1,,,,,,,,,,,,,,,,
5,,,,,,,,,,,,,,,,,,,,,,
32,1,2,24,23,,,,,,,,,,,,,,,,,,
1,1,1,1,1,,,,,,,,,,,,,,,,,,
9,,,,,,,,,,,,,,,,,,,,,,
26,24,4,5,6,7,8,9,20,,,,,,,,,,,,,,
0,1,1,1,1,1,1,0,0,,,,,,,,,,,,,,
5,,,,,,,,,,,,,,,,,,,,,,
1,38,2,18,17,,,,,,,,,,,,,,,,,,
1,1,1,1,1,,,,,,,,,,,,,,,,,,
5,,,,,,,,,,,,,,,,,,,,,,
32,19,1,2,4,,,,,,,,,,,,,,,,,,
1,1,1,1,1,,,,,,,,,,,,,,,,,,
6,,,,,,,,,,,,,,,,,,,,,,
16,2,3,4,5,4,,,,,,,,,,,,,,,,,
0,1,0,1,1,1,,,,,,,,,,,,,,,,,
7,,,,,,,,,,,,,,,,,,,,,,
1,2,24,4,5,6,21,,,,,,,,,,,,,,,,
0,1,1,0,1,1,1,,,,,,,,,,,,,,,,
8,,,,,,,,,,,,,,,,,,,,,,
32,1,2,24,4,5,6,21,,,,,,,,,,,,,,,
1,0,1,1,0,1,0,0,,,,,,,,,,,,,,,
10,,,,,,,,,,,,,,,,,,,,,,
16,2,3,23,6,7,8,9,13,40,,,,,,,,,,,,,
0,1,0,0,1,1,1,1,1,1,,,,,,,,,,,,,
14,,,,,,,,,,,,,,,,,,,,,,
16,2,24,4,5,6,7,8,30,37,9,13,40,42,,,,,,,,,
0,1,1,1,1,1,1,1,1,1,1,1,1,1,,,,,,,,,
5,,,,,,,,,,,,,,,,,,,,,,
16,2,31,4,5,,,,,,,,,,,,,,,,,,
0,1,1,0,0,,,,,,,,,,,,,,,,,,
8,,,,,,,,,,,,,,,,,,,,,,
16,38,2,24,17,5,6,21,,,,,,,,,,,,,,,
0,1,1,1,1,1,1,1,,,,,,,,,,,,,,,
7,,,,,,,,,,,,,,,,,,,,,,
16,2,18,4,5,6,21,,,,,,,,,,,,,,,,
1,1,1,1,1,1,1,,,,,,,,,,,,,,,,
7,,,,,,,,,,,,,,,,,,,,,,
16,2,3,5,6,25,40,,,,,,,,,,,,,,,,
1,1,0,1,0,1,0,,,,,,,,,,,,,,,,
6,,,,,,,,,,,,,,,,,,,,,,
16,2,3,6,25,39,,,,,,,,,,,,,,,,,
0,1,1,1,0,1,,,,,,,,,,,,,,,,,
6,,,,,,,,,,,,,,,,,,,,,,
2,3,5,45,21,10,,,,,,,,,,,,,,,,,
1,1,0,1,1,0,,,,,,,,,,,,,,,,,
10,,,,,,,,,,,,,,,,,,,,,,
2,3,4,5,6,7,8,9,40,46,,,,,,,,,,,,,
1,1,1,0,1,0,0,1,0,1,,,,,,,,,,,,,
8,,,,,,,,,,,,,,,,,,,,,,
1,2,3,11,5,6,21,40,,,,,,,,,,,,,,,
1,1,1,1,0,1,1,1,,,,,,,,,,,,,,,
8,,,,,,,,,,,,,,,,,,,,,,
2,24,28,5,6,44,40,39,,,,,,,,,,,,,,,
1,1,0,1,1,0,1,1,,,,,,,,,,,,,,,
9,,,,,,,,,,,,,,,,,,,,,,
2,3,17,5,6,21,10,39,46,,,,,,,,,,,,,,
1,0,1,1,0,1,1,1,1,,,,,,,,,,,,,,
7,,,,,,,,,,,,,,,,,,,,,,
2,24,17,5,45,25,39,,,,,,,,,,,,,,,,
0,1,1,1,1,0,1,,,,,,,,,,,,,,,,
8,,,,,,,,,,,,,,,,,,,,,,
2,24,5,6,21,40,39,46,,,,,,,,,,,,,,,
1,0,1,1,1,1,1,1,,,,,,,,,,,,,,,
10,,,,,,,,,,,,,,,,,,,,,,
2,3,4,5,6,7,40,39,46,48,,,,,,,,,,,,,
0,1,0,1,0,1,0,1,1,1,,,,,,,,,,,,,
6,,,,,,,,,,,,,,,,,,,,,,
16,2,24,6,21,10,,,,,,,,,,,,,,,,,
0,1,1,1,1,1,,,,,,,,,,,,,,,,,
8,,,,,,,,,,,,,,,,,,,,,,
1,38,2,18,6,21,40,39,,,,,,,,,,,,,,,
0,1,0,1,1,1,1,1,,,,,,,,,,,,,,,
8,,,,,,,,,,,,,,,,,,,,,,
3,4,5,6,7,8,9,46,,,,,,,,,,,,,,,
0,1,1,1,1,1,1,0,,,,,,,,,,,,,,,
7,,,,,,,,,,,,,,,,,,,,,,
2,24,5,6,21,10,46,,,,,,,,,,,,,,,,
1,1,1,1,1,1,1,,,,,,,,,,,,,,,,
8,,,,,,,,,,,,,,,,,,,,,,
16,38,2,24,5,45,40,39,,,,,,,,,,,,,,,
1,1,0,1,1,0,1,1,,,,,,,,,,,,,,,
9,,,,,,,,,,,,,,,,,,,,,,
16,2,24,28,5,6,21,40,39,,,,,,,,,,,,,,
0,1,1,1,1,1,1,1,0,,,,,,,,,,,,,,
7,,,,,,,,,,,,,,,,,,,,,,
16,2,3,5,6,40,39,,,,,,,,,,,,,,,,
0,1,1,1,1,0,1,,,,,,,,,,,,,,,,
12,,,,,,,,,,,,,,,,,,,,,,
21,2,24,23,6,7,8,9,57,40,39,46,,,,,,,,,,,
1,1,1,1,1,1,1,1,1,1,1,1,,,,,,,,,,,
8,,,,,,,,,,,,,,,,,,,,,,
1,2,31,5,6,21,40,39,,,,,,,,,,,,,,,
1,1,1,1,0,0,1,0,,,,,,,,,,,,,,,
11,,,,,,,,,,,,,,,,,,,,,,
2,24,17,5,6,7,8,30,40,39,46,,,,,,,,,,,,
1,1,1,1,1,1,1,1,1,1,0,,,,,,,,,,,,
8,,,,,,,,,,,,,,,,,,,,,,
16,2,24,5,6,21,40,39,,,,,,,,,,,,,,,
1,1,1,1,0,0,1,0,,,,,,,,,,,,,,,
7,,,,,,,,,,,,,,,,,,,,,,
16,2,24,28,6,21,39,,,,,,,,,,,,,,,,
0,1,1,1,1,1,1,,,,,,,,,,,,,,,,
9,,,,,,,,,,,,,,,,,,,,,,
16,2,3,4,5,45,21,40,39,,,,,,,,,,,,,,
0,1,1,0,0,1,1,1,1,,,,,,,,,,,,,,
7,,,,,,,,,,,,,,,,,,,,,,
16,2,24,5,6,25,40,,,,,,,,,,,,,,,,
1,1,1,1,0,0,1,,,,,,,,,,,,,,,,
8,,,,,,,,,,,,,,,,,,,,,,
2,24,4,5,6,21,10,39,,,,,,,,,,,,,,,
0,0,1,1,1,1,1,1,,,,,,,,,,,,,,,
8,,,,,,,,,,,,,,,,,,,,,,
16,2,3,5,6,21,40,39,,,,,,,,,,,,,,,
1,1,1,1,1,1,1,0,,,,,,,,,,,,,,,
8,,,,,,,,,,,,,,,,,,,,,,
2,3,23,5,6,21,40,39,,,,,,,,,,,,,,,
1,0,1,0,1,1,1,1,,,,,,,,,,,,,,,
8,,,,,,,,,,,,,,,,,,,,,,
43,32,1,2,24,23,5,6,,,,,,,,,,,,,,,
1,1,1,1,1,1,1,1,,,,,,,,,,,,,,,
7,,,,,,,,,,,,,,,,,,,,,,
1,2,24,23,5,45,25,,,,,,,,,,,,,,,,
1,0,1,1,1,1,1,,,,,,,,,,,,,,,,
7,,,,,,,,,,,,,,,,,,,,,,
32,1,2,3,4,6,21,,,,,,,,,,,,,,,,
1,0,0,0,1,0,0,,,,,,,,,,,,,,,,
6,,,,,,,,,,,,,,,,,,,,,,
16,2,3,23,6,25,,,,,,,,,,,,,,,,,
0,0,1,1,1,1,,,,,,,,,,,,,,,,,
9,,,,,,,,,,,,,,,,,,,,,,
1,2,3,23,5,6,7,8,9,,,,,,,,,,,,,,
1,1,0,1,1,1,1,1,0,,,,,,,,,,,,,,
6,,,,,,,,,,,,,,,,,,,,,,
16,66,2,3,23,5,,,,,,,,,,,,,,,,,
0,1,1,1,1,1,,,,,,,,,,,,,,,,,
11,,,,,,,,,,,,,,,,,,,,,,
1,56,2,24,4,5,6,7,8,9,13,,,,,,,,,,,,
1,0,0,1,1,1,0,0,0,1,1,,,,,,,,,,,,
11,,,,,,,,,,,,,,,,,,,,,,
32,1,38,2,24,23,45,7,8,9,10,,,,,,,,,,,,
1,0,1,0,1,1,1,1,1,1,0,,,,,,,,,,,,
11,,,,,,,,,,,,,,,,,,,,,,
16,56,2,24,4,5,6,7,8,9,13,,,,,,,,,,,,
1,1,0,0,0,1,1,1,1,1,1,,,,,,,,,,,,
5,,,,,,,,,,,,,,,,,,,,,,
32,1,2,3,4,,,,,,,,,,,,,,,,,,
1,1,1,1,1,,,,,,,,,,,,,,,,,,
6,,,,,,,,,,,,,,,,,,,,,,
1,2,24,4,5,45,,,,,,,,,,,,,,,,,
0,1,0,1,1,0,,,,,,,,,,,,,,,,,
6,,,,,,,,,,,,,,,,,,,,,,
26,32,1,2,3,28,,,,,,,,,,,,,,,,,
1,1,1,1,1,1,,,,,,,,,,,,,,,,,
6,,,,,,,,,,,,,,,,,,,,,,
1,2,3,4,5,45,,,,,,,,,,,,,,,,,
0,1,0,0,1,1,,,,,,,,,,,,,,,,,
7,,,,,,,,,,,,,,,,,,,,,,
15,1,2,24,23,6,21,,,,,,,,,,,,,,,,
1,0,0,1,1,1,0,,,,,,,,,,,,,,,,
7,,,,,,,,,,,,,,,,,,,,,,
16,2,3,4,5,45,7,,,,,,,,,,,,,,,,
0,1,1,1,1,0,1,,,,,,,,,,,,,,,,
8,,,,,,,,,,,,,,,,,,,,,,
4,5,6,7,8,9,53,73,,,,,,,,,,,,,,,
1,1,0,1,0,1,1,1,,,,,,,,,,,,,,,
6,,,,,,,,,,,,,,,,,,,,,,
3,4,6,21,51,53,,,,,,,,,,,,,,,,,
0,1,1,1,0,1,,,,,,,,,,,,,,,,,
6,,,,,,,,,,,,,,,,,,,,,,
3,23,6,55,53,72,,,,,,,,,,,,,,,,,
0,1,0,1,0,0,,,,,,,,,,,,,,,,,
6,,,,,,,,,,,,,,,,,,,,,,
3,4,5,6,25,53,,,,,,,,,,,,,,,,,
1,1,1,1,1,1,,,,,,,,,,,,,,,,,
6,,,,,,,,,,,,,,,,,,,,,,
32,19,1,2,18,53,,,,,,,,,,,,,,,,,
1,1,1,1,1,0,,,,,,,,,,,,,,,,,
5,,,,,,,,,,,,,,,,,,,,,,
23,5,6,7,53,,,,,,,,,,,,,,,,,,
1,1,1,1,1,,,,,,,,,,,,,,,,,,
8,,,,,,,,,,,,,,,,,,,,,,
26,32,1,2,3,4,5,61,,,,,,,,,,,,,,,
1,0,0,1,1,1,1,0,,,,,,,,,,,,,,,
12,,,,,,,,,,,,,,,,,,,,,,
43,27,26,32,15,1,2,3,4,5,6,25,,,,,,,,,,,
1,0,0,1,1,1,1,1,1,1,1,0,,,,,,,,,,,
6,,,,,,,,,,,,,,,,,,,,,,
26,37,1,38,2,3,,,,,,,,,,,,,,,,,
0,1,1,1,1,0,,,,,,,,,,,,,,,,,
5,,,,,,,,,,,,,,,,,,,,,,
26,32,15,1,2,,,,,,,,,,,,,,,,,,
1,1,1,0,1,,,,,,,,,,,,,,,,,,
8,,,,,,,,,,,,,,,,,,,,,,
32,16,43,32,1,2,38,2,,,,,,,,,,,,,,,
1,0,0,0,1,1,1,0,,,,,,,,,,,,,,,
8,,,,,,,,,,,,,,,,,,,,,,
3,4,5,6,21,68,50,49,,,,,,,,,,,,,,,
1,1,1,1,1,1,1,1,,,,,,,,,,,,,,,
8,,,,,,,,,,,,,,,,,,,,,,
4,6,7,8,9,53,50,49,,,,,,,,,,,,,,,
0,1,1,1,1,0,1,0,,,,,,,,,,,,,,,
8,,,,,,,,,,,,,,,,,,,,,,
4,5,6,7,8,9,53,73,,,,,,,,,,,,,,,
1,0,1,1,1,1,1,0,,,,,,,,,,,,,,,
5,,,,,,,,,,,,,,,,,,,,,,
2,24,51,53,54,,,,,,,,,,,,,,,,,,
1,0,1,1,0,,,,,,,,,,,,,,,,,,
8,,,,,,,,,,,,,,,,,,,,,,
3,4,5,6,7,8,9,53,,,,,,,,,,,,,,,
0,1,1,1,1,1,1,1,,,,,,,,,,,,,,,
6,,,,,,,,,,,,,,,,,,,,,,
63,53,54,51,53,73,,,,,,,,,,,,,,,,,
1,1,1,1,1,1,,,,,,,,,,,,,,,,,
7,,,,,,,,,,,,,,,,,,,,,,
3,4,5,6,21,55,53,,,,,,,,,,,,,,,,
0,1,1,1,0,1,1,,,,,,,,,,,,,,,,
5,,,,,,,,,,,,,,,,,,,,,,
43,32,35,19,35,,,,,,,,,,,,,,,,,,
1,0,1,1,0,,,,,,,,,,,,,,,,,,
9,,,,,,,,,,,,,,,,,,,,,,
43,37,1,2,3,17,5,61,55,,,,,,,,,,,,,,
1,1,1,1,1,1,1,1,1,,,,,,,,,,,,,,
5,,,,,,,,,,,,,,,,,,,,,,
31,23,1,2,18,,,,,,,,,,,,,,,,,,
1,0,1,1,1,,,,,,,,,,,,,,,,,,
17,,,,,,,,,,,,,,,,,,,,,,
16,2,3,23,5,45,7,8,9,13,40,39,46,48,50,49,53,,,,,,
1,1,1,1,1,1,1,1,1,1,1,1,1,1,1,1,1,,,,,,
7,,,,,,,,,,,,,,,,,,,,,,
37,1,2,3,23,5,45,,,,,,,,,,,,,,,,
1,0,1,1,1,0,0,,,,,,,,,,,,,,,,
10,,,,,,,,,,,,,,,,,,,,,,
1,2,3,4,5,6,7,8,9,20,,,,,,,,,,,,,
1,1,0,1,1,1,0,0,1,1,,,,,,,,,,,,,
10,,,,,,,,,,,,,,,,,,,,,,
2,3,23,5,6,7,8,9,13,40,,,,,,,,,,,,,
1,0,1,1,1,1,1,1,1,0,,,,,,,,,,,,,
14,,,,,,,,,,,,,,,,,,,,,,
16,2,3,4,5,6,7,8,9,41,40,39,46,47,,,,,,,,,
1,1,1,1,1,1,0,0,1,0,1,1,1,1,,,,,,,,,
6,,,,,,,,,,,,,,,,,,,,,,
32,15,1,2,24,4,,,,,,,,,,,,,,,,,
1,0,0,1,0,1,,,,,,,,,,,,,,,,,
8,,,,,,,,,,,,,,,,,,,,,,
32,1,2,3,17,5,6,25,,,,,,,,,,,,,,,
1,1,1,0,1,1,1,1,,,,,,,,,,,,,,,
10,,,,,,,,,,,,,,,,,,,,,,
32,16,2,3,4,5,6,7,8,9,,,,,,,,,,,,,
1,0,1,0,1,0,1,1,1,1,,,,,,,,,,,,,
7,,,,,,,,,,,,,,,,,,,,,,
32,1,2,3,4,5,45,,,,,,,,,,,,,,,,
1,1,1,0,1,0,0,,,,,,,,,,,,,,,,
9,,,,,,,,,,,,,,,,,,,,,,
16,2,24,4,5,6,7,8,30,,,,,,,,,,,,,,
0,1,1,0,1,1,1,1,1,,,,,,,,,,,,,,
8,,,,,,,,,,,,,,,,,,,,,,
37,19,1,38,2,3,4,61,,,,,,,,,,,,,,,
0,1,1,0,1,1,0,0,,,,,,,,,,,,,,,
7,,,,,,,,,,,,,,,,,,,,,,
1,2,24,23,45,6,7,,,,,,,,,,,,,,,,
0,1,0,0,1,0,1,,,,,,,,,,,,,,,,
6,,,,,,,,,,,,,,,,,,,,,,
1,2,3,4,5,45,,,,,,,,,,,,,,,,,
1,1,1,1,1,0,,,,,,,,,,,,,,,,,
10,,,,,,,,,,,,,,,,,,,,,,
15,16,38,2,3,23,6,25,8,30,,,,,,,,,,,,,
1,0,1,1,1,0,1,1,0,0,,,,,,,,,,,,,
9,,,,,,,,,,,,,,,,,,,,,,
38,2,3,4,5,6,7,8,9,,,,,,,,,,,,,,
1,1,0,1,1,1,0,1,1,,,,,,,,,,,,,,
7,,,,,,,,,,,,,,,,,,,,,,
19,16,2,24,4,5,6,,,,,,,,,,,,,,,,
0,1,1,1,1,0,1,,,,,,,,,,,,,,,,
11,,,,,,,,,,,,,,,,,,,,,,
16,38,2,24,4,5,6,7,8,9,10,,,,,,,,,,,,
1,1,1,1,1,0,1,1,1,1,0,,,,,,,,,,,,
8,,,,,,,,,,,,,,,,,,,,,,
6,25,2,24,17,5,6,25,,,,,,,,,,,,,,,
1,1,1,1,1,1,1,1,,,,,,,,,,,,,,,
9,,,,,,,,,,,,,,,,,,,,,,
32,1,56,2,3,4,5,6,21,,,,,,,,,,,,,,
1,1,1,1,1,0,1,1,0,,,,,,,,,,,,,,
8,,,,,,,,,,,,,,,,,,,,,,
32,19,16,2,24,11,3,28,,,,,,,,,,,,,,,
1,1,0,1,0,1,1,1,,,,,,,,,,,,,,,
5,,,,,,,,,,,,,,,,,,,,,,
37,1,2,3,4,,,,,,,,,,,,,,,,,,
1,1,0,1,1,,,,,,,,,,,,,,,,,,
7,,,,,,,,,,,,,,,,,,,,,,
6,25,2,3,4,5,6,,,,,,,,,,,,,,,,
1,1,1,1,1,1,1,,,,,,,,,,,,,,,,
5,,,,,,,,,,,,,,,,,,,,,,
16,38,2,24,4,,,,,,,,,,,,,,,,,,
0,1,1,1,1,,,,,,,,,,,,,,,,,,
8,,,,,,,,,,,,,,,,,,,,,,
24,23,6,25,8,9,41,40,,,,,,,,,,,,,,,
1,1,0,0,1,1,1,1,,,,,,,,,,,,,,,
8,,,,,,,,,,,,,,,,,,,,,,
32,1,2,24,23,5,6,7,,,,,,,,,,,,,,,
1,1,1,1,1,1,1,1,,,,,,,,,,,,,,,
5,,,,,,,,,,,,,,,,,,,,,,
43,37,1,2,24,,,,,,,,,,,,,,,,,,
1,1,0,1,1,,,,,,,,,,,,,,,,,,
10,,,,,,,,,,,,,,,,,,,,,,
16,2,24,23,5,6,7,8,9,13,,,,,,,,,,,,,
1,1,1,1,1,1,1,1,1,1,,,,,,,,,,,,,
6,,,,,,,,,,,,,,,,,,,,,,
15,1,2,26,32,1,,,,,,,,,,,,,,,,,
1,1,1,0,1,1,,,,,,,,,,,,,,,,,
6,,,,,,,,,,,,,,,,,,,,,,
37,1,56,26,32,16,,,,,,,,,,,,,,,,,
0,0,0,0,0,1,,,,,,,,,,,,,,,,,
5,,,,,,,,,,,,,,,,,,,,,,
32,1,26,37,1,,,,,,,,,,,,,,,,,,
0,1,1,1,0,,,,,,,,,,,,,,,,,,
6,,,,,,,,,,,,,,,,,,,,,,
32,19,16,26,37,1,,,,,,,,,,,,,,,,,
1,0,0,1,1,1,,,,,,,,,,,,,,,,,
6,,,,,,,,,,,,,,,,,,,,,,
32,1,2,26,37,1,,,,,,,,,,,,,,,,,
0,0,1,0,1,0,,,,,,,,,,,,,,,,,
8,,,,,,,,,,,,,,,,,,,,,,
43,32,16,66,26,32,1,2,,,,,,,,,,,,,,,
1,1,0,0,0,1,1,0,,,,,,,,,,,,,,,
8,,,,,,,,,,,,,,,,,,,,,,
1,2,18,43,32,1,2,18,,,,,,,,,,,,,,,
1,0,1,0,1,0,1,1,,,,,,,,,,,,,,,
6,,,,,,,,,,,,,,,,,,,,,,
32,19,1,26,32,16,,,,,,,,,,,,,,,,,
1,1,0,1,1,0,,,,,,,,,,,,,,,,,
8,,,,,,,,,,,,,,,,,,,,,,
43,37,34,43,37,1,38,2,,,,,,,,,,,,,,,
1,0,1,0,1,1,1,0,,,,,,,,,,,,,,,
5,,,,,,,,,,,,,,,,,,,,,,
27,1,26,32,16,,,,,,,,,,,,,,,,,,
0,0,1,1,0,,,,,,,,,,,,,,,,,,
8,,,,,,,,,,,,,,,,,,,,,,
1,2,18,43,32,1,2,18,,,,,,,,,,,,,,,
1,1,1,0,1,1,1,1,,,,,,,,,,,,,,,
7,,,,,,,,,,,,,,,,,,,,,,
32,1,43,32,15,1,66,,,,,,,,,,,,,,,,
1,0,1,1,1,0,1,,,,,,,,,,,,,,,,
5,,,,,,,,,,,,,,,,,,,,,,
26,37,26,32,1,,,,,,,,,,,,,,,,,,
0,1,1,1,1,,,,,,,,,,,,,,,,,,
5,,,,,,,,,,,,,,,,,,,,,,
50,64,51,51,53,,,,,,,,,,,,,,,,,,
1,1,1,1,1,,,,,,,,,,,,,,,,,,
5,,,,,,,,,,,,,,,,,,,,,,
50,49,51,53,54,,,,,,,,,,,,,,,,,,
0,1,0,1,1,,,,,,,,,,,,,,,,,,
6,,,,,,,,,,,,,,,,,,,,,,
43,27,43,32,1,56,,,,,,,,,,,,,,,,,
1,1,1,1,1,1,,,,,,,,,,,,,,,,,
5,,,,,,,,,,,,,,,,,,,,,,
26,32,1,38,2,,,,,,,,,,,,,,,,,,
1,1,1,0,0,,,,,,,,,,,,,,,,,,
5,,,,,,,,,,,,,,,,,,,,,,
43,32,1,26,27,,,,,,,,,,,,,,,,,,
1,0,1,1,1,,,,,,,,,,,,,,,,,,
5,,,,,,,,,,,,,,,,,,,,,,
26,70,43,37,15,,,,,,,,,,,,,,,,,,
0,0,1,0,1,,,,,,,,,,,,,,,,,,
8,,,,,,,,,,,,,,,,,,,,,,
32,1,2,26,32,1,2,24,,,,,,,,,,,,,,,
1,1,1,1,1,1,1,1,,,,,,,,,,,,,,,
5,,,,,,,,,,,,,,,,,,,,,,
26,37,43,32,1,,,,,,,,,,,,,,,,,,
1,1,1,1,1,,,,,,,,,,,,,,,,,,
5,,,,,,,,,,,,,,,,,,,,,,
37,1,26,37,34,,,,,,,,,,,,,,,,,,
1,1,1,0,1,,,,,,,,,,,,,,,,,,
5,,,,,,,,,,,,,,,,,,,,,,
43,32,26,32,1,,,,,,,,,,,,,,,,,,
0,0,1,0,1,,,,,,,,,,,,,,,,,,
7,,,,,,,,,,,,,,,,,,,,,,
32,26,37,1,38,2,18,,,,,,,,,,,,,,,,
1,1,1,0,0,1,1,,,,,,,,,,,,,,,,
5,,,,,,,,,,,,,,,,,,,,,,
1,2,43,32,1,,,,,,,,,,,,,,,,,,
0,1,1,0,0,,,,,,,,,,,,,,,,,,
6,,,,,,,,,,,,,,,,,,,,,,
1,2,18,43,32,1,,,,,,,,,,,,,,,,,
1,1,0,1,1,1,,,,,,,,,,,,,,,,,
9,,,,,,,,,,,,,,,,,,,,,,
26,32,1,2,26,32,1,2,18,,,,,,,,,,,,,,
0,1,1,1,0,1,1,1,1,,,,,,,,,,,,,,
7,,,,,,,,,,,,,,,,,,,,,,
43,37,34,26,37,1,38,,,,,,,,,,,,,,,,
1,1,1,1,1,1,1,,,,,,,,,,,,,,,,
7,,,,,,,,,,,,,,,,,,,,,,
6,7,8,9,13,40,39,,,,,,,,,,,,,,,,
1,0,1,0,1,1,1,,,,,,,,,,,,,,,,
7,,,,,,,,,,,,,,,,,,,,,,
7,8,9,13,40,39,46,,,,,,,,,,,,,,,,
1,1,1,1,1,1,1,,,,,,,,,,,,,,,,
7,,,,,,,,,,,,,,,,,,,,,,
41,40,39,46,48,50,49,,,,,,,,,,,,,,,,
1,1,1,1,1,1,1,,,,,,,,,,,,,,,,
6,,,,,,,,,,,,,,,,,,,,,,
4,5,6,7,8,30,,,,,,,,,,,,,,,,,
0,1,1,1,1,1,,,,,,,,,,,,,,,,,
5,,,,,,,,,,,,,,,,,,,,,,
4,6,7,8,9,,,,,,,,,,,,,,,,,,
0,1,1,0,1,,,,,,,,,,,,,,,,,,
6,,,,,,,,,,,,,,,,,,,,,,
5,6,7,8,9,10,,,,,,,,,,,,,,,,,
1,1,1,1,1,1,,,,,,,,,,,,,,,,,
5,,,,,,,,,,,,,,,,,,,,,,
43,24,4,5,45,,,,,,,,,,,,,,,,,,
1,1,1,1,1,,,,,,,,,,,,,,,,,,
13,,,,,,,,,,,,,,,,,,,,,,
6,7,8,9,13,40,39,47,48,50,49,53,72,,,,,,,,,,
1,1,1,1,0,1,1,1,1,1,0,0,1,,,,,,,,,,
6,,,,,,,,,,,,,,,,,,,,,,
4,5,6,7,8,9,,,,,,,,,,,,,,,,,
1,1,0,1,0,1,,,,,,,,,,,,,,,,,
5,,,,,,,,,,,,,,,,,,,,,,
6,7,8,9,22,,,,,,,,,,,,,,,,,,
0,0,1,1,0,,,,,,,,,,,,,,,,,,
10,,,,,,,,,,,,,,,,,,,,,,
32,1,2,3,4,5,6,7,8,9,,,,,,,,,,,,,
1,0,1,1,1,1,0,1,1,1,,,,,,,,,,,,,
5,,,,,,,,,,,,,,,,,,,,,,
32,1,2,24,17,,,,,,,,,,,,,,,,,,
1,0,1,1,1,,,,,,,,,,,,,,,,,,
5,,,,,,,,,,,,,,,,,,,,,,
32,1,38,2,18,,,,,,,,,,,,,,,,,,
1,1,1,1,0,,,,,,,,,,,,,,,,,,
7,,,,,,,,,,,,,,,,,,,,,,
32,19,1,2,3,4,5,,,,,,,,,,,,,,,,
1,1,1,1,0,1,1,,,,,,,,,,,,,,,,
8,,,,,,,,,,,,,,,,,,,,,,
32,16,2,3,4,5,6,7,,,,,,,,,,,,,,,
1,1,0,1,1,1,1,0,,,,,,,,,,,,,,,
8,,,,,,,,,,,,,,,,,,,,,,
32,1,2,3,23,5,6,21,,,,,,,,,,,,,,,
1,0,1,1,1,1,1,1,,,,,,,,,,,,,,,
11,,,,,,,,,,,,,,,,,,,,,,
16,66,2,3,23,5,6,7,8,30,41,,,,,,,,,,,,
0,0,1,1,1,0,1,0,1,1,1,,,,,,,,,,,,
9,,,,,,,,,,,,,,,,,,,,,,
23,5,6,7,8,9,40,39,46,,,,,,,,,,,,,,
0,1,1,0,1,1,1,1,1,,,,,,,,,,,,,,
8,,,,,,,,,,,,,,,,,,,,,,
16,2,3,23,6,7,8,9,,,,,,,,,,,,,,,
0,1,1,1,1,0,1,1,,,,,,,,,,,,,,,
13,,,,,,,,,,,,,,,,,,,,,,
1,2,24,4,5,6,7,8,9,13,40,39,46,,,,,,,,,,
1,1,1,1,1,1,1,0,1,1,0,1,1,,,,,,,,,,
10,,,,,,,,,,,,,,,,,,,,,,
1,2,24,4,5,6,7,8,9,13,,,,,,,,,,,,,
1,1,1,1,1,1,1,1,1,1,,,,,,,,,,,,,
9,,,,,,,,,,,,,,,,,,,,,,
26,37,3,4,5,6,7,8,9,,,,,,,,,,,,,,
1,1,1,1,1,1,1,1,0,,,,,,,,,,,,,,
10,,,,,,,,,,,,,,,,,,,,,,
32,1,2,24,4,5,6,7,8,9,,,,,,,,,,,,,
0,1,1,1,1,0,1,0,1,1,,,,,,,,,,,,,
9,,,,,,,,,,,,,,,,,,,,,,
32,1,2,3,4,5,6,7,8,,,,,,,,,,,,,,
0,1,1,0,1,1,1,1,1,,,,,,,,,,,,,,
9,,,,,,,,,,,,,,,,,,,,,,
1,2,3,23,6,7,8,9,20,,,,,,,,,,,,,,
1,1,1,0,0,1,1,1,0,,,,,,,,,,,,,,
6,,,,,,,,,,,,,,,,,,,,,,
19,1,2,24,23,45,,,,,,,,,,,,,,,,,
1,0,1,1,0,0,,,,,,,,,,,,,,,,,
11,,,,,,,,,,,,,,,,,,,,,,
16,2,24,4,5,6,7,8,9,41,40,,,,,,,,,,,,
1,1,1,1,1,1,1,1,1,1,1,,,,,,,,,,,,
8,,,,,,,,,,,,,,,,,,,,,,
32,1,2,43,37,1,2,18,,,,,,,,,,,,,,,
1,1,0,0,0,1,0,1,,,,,,,,,,,,,,,
5,,,,,,,,,,,,,,,,,,,,,,
32,1,43,32,1,,,,,,,,,,,,,,,,,,
1,0,0,1,1,,,,,,,,,,,,,,,,,,
5,,,,,,,,,,,,,,,,,,,,,,
26,27,26,32,1,,,,,,,,,,,,,,,,,,
0,1,0,1,1,,,,,,,,,,,,,,,,,,
7,,,,,,,,,,,,,,,,,,,,,,
1,2,18,26,32,16,2,,,,,,,,,,,,,,,,
0,0,1,1,1,1,0,,,,,,,,,,,,,,,,
5,,,,,,,,,,,,,,,,,,,,,,
43,27,26,37,35,,,,,,,,,,,,,,,,,,
1,1,1,1,1,,,,,,,,,,,,,,,,,,
7,,,,,,,,,,,,,,,,,,,,,,
32,34,26,32,16,56,2,,,,,,,,,,,,,,,,
0,1,0,1,1,0,0,,,,,,,,,,,,,,,,
7,,,,,,,,,,,,,,,,,,,,,,
32,1,2,26,32,19,1,,,,,,,,,,,,,,,,
1,0,0,1,1,1,1,,,,,,,,,,,,,,,,
6,,,,,,,,,,,,,,,,,,,,,,
32,1,26,32,15,1,,,,,,,,,,,,,,,,,
1,1,1,1,0,1,,,,,,,,,,,,,,,,,
5,,,,,,,,,,,,,,,,,,,,,,
32,34,26,32,1,,,,,,,,,,,,,,,,,,
1,1,1,0,0,,,,,,,,,,,,,,,,,,
6,,,,,,,,,,,,,,,,,,,,,,
32,1,2,43,32,34,,,,,,,,,,,,,,,,,
1,0,0,1,1,1,,,,,,,,,,,,,,,,,
10,,,,,,,,,,,,,,,,,,,,,,
32,16,2,18,26,32,1,2,3,17,,,,,,,,,,,,,
0,0,1,1,1,1,1,1,0,1,,,,,,,,,,,,,
5,,,,,,,,,,,,,,,,,,,,,,
43,18,26,32,19,,,,,,,,,,,,,,,,,,
0,0,1,1,1,,,,,,,,,,,,,,,,,,
5,,,,,,,,,,,,,,,,,,,,,,
32,1,26,37,1,,,,,,,,,,,,,,,,,,
1,0,1,1,1,,,,,,,,,,,,,,,,,,
5,,,,,,,,,,,,,,,,,,,,,,
43,43,37,19,34,,,,,,,,,,,,,,,,,,
0,0,1,1,1,,,,,,,,,,,,,,,,,,
7,,,,,,,,,,,,,,,,,,,,,,
16,2,18,43,32,15,1,,,,,,,,,,,,,,,,
0,1,0,1,1,1,1,,,,,,,,,,,,,,,,
13,,,,,,,,,,,,,,,,,,,,,,
16,2,18,43,37,15,16,2,3,23,5,6,21,,,,,,,,,,
1,1,0,0,1,1,1,1,1,0,1,1,1,,,,,,,,,,
11,,,,,,,,,,,,,,,,,,,,,,
3,23,6,7,8,9,13,10,48,50,49,,,,,,,,,,,,
1,0,1,1,1,1,1,1,0,1,0,,,,,,,,,,,,
11,,,,,,,,,,,,,,,,,,,,,,
1,38,2,3,5,6,21,48,50,50,49,,,,,,,,,,,,
0,1,1,1,1,0,0,0,1,1,1,,,,,,,,,,,,
8,,,,,,,,,,,,,,,,,,,,,,
1,2,18,6,21,48,50,49,,,,,,,,,,,,,,,
1,0,1,0,1,1,0,0,,,,,,,,,,,,,,,
10,,,,,,,,,,,,,,,,,,,,,,
2,3,23,5,6,25,48,69,50,49,,,,,,,,,,,,,
1,1,1,1,1,0,1,0,1,1,,,,,,,,,,,,,
15,,,,,,,,,,,,,,,,,,,,,,
3,23,5,45,7,8,9,41,22,40,39,46,48,50,49,,,,,,,,
1,1,1,1,1,1,1,1,1,1,1,1,1,1,1,,,,,,,,
9,,,,,,,,,,,,,,,,,,,,,,
2,24,5,6,7,8,22,50,49,,,,,,,,,,,,,,
1,1,0,1,1,1,0,0,1,,,,,,,,,,,,,,
9,,,,,,,,,,,,,,,,,,,,,,
32,1,56,2,5,6,21,48,50,,,,,,,,,,,,,,
1,1,0,0,1,1,0,1,1,,,,,,,,,,,,,,
8,,,,,,,,,,,,,,,,,,,,,,
2,3,23,6,7,48,50,49,,,,,,,,,,,,,,,
1,1,1,1,1,1,1,1,,,,,,,,,,,,,,,
9,,,,,,,,,,,,,,,,,,,,,,
1,2,18,5,6,21,48,50,49,,,,,,,,,,,,,,
1,1,1,1,1,1,1,1,0,,,,,,,,,,,,,,
11,,,,,,,,,,,,,,,,,,,,,,
2,24,4,5,6,7,8,30,48,50,49,,,,,,,,,,,,
1,1,1,1,0,1,1,1,1,1,1,,,,,,,,,,,,
8,,,,,,,,,,,,,,,,,,,,,,
2,24,5,6,21,48,50,49,,,,,,,,,,,,,,,
1,1,1,1,1,1,1,1,,,,,,,,,,,,,,,
5,,,,,,,,,,,,,,,,,,,,,,
6,21,48,50,49,,,,,,,,,,,,,,,,,,
0,1,1,1,0,,,,,,,,,,,,,,,,,,
8,,,,,,,,,,,,,,,,,,,,,,
2,24,5,6,21,48,50,49,,,,,,,,,,,,,,,
0,1,1,1,1,1,0,1,,,,,,,,,,,,,,,
9,,,,,,,,,,,,,,,,,,,,,,
2,24,23,6,7,48,69,50,49,,,,,,,,,,,,,,
1,1,0,1,0,1,1,1,1,,,,,,,,,,,,,,
8,,,,,,,,,,,,,,,,,,,,,,
16,2,24,5,6,48,50,49,,,,,,,,,,,,,,,
1,1,1,1,1,1,1,1,,,,,,,,,,,,,,,
11,,,,,,,,,,,,,,,,,,,,,,
3,23,6,7,8,9,41,40,48,50,49,,,,,,,,,,,,
1,1,1,0,0,1,1,1,1,1,1,,,,,,,,,,,,
10,,,,,,,,,,,,,,,,,,,,,,
1,2,3,5,6,21,22,69,50,49,,,,,,,,,,,,,
1,1,1,1,1,0,1,0,1,0,,,,,,,,,,,,,
5,,,,,,,,,,,,,,,,,,,,,,
1,2,24,5,45,,,,,,,,,,,,,,,,,,
0,0,0,1,0,,,,,,,,,,,,,,,,,,
6,,,,,,,,,,,,,,,,,,,,,,
19,1,2,18,5,45,,,,,,,,,,,,,,,,,
1,1,1,0,1,1,,,,,,,,,,,,,,,,,
8,,,,,,,,,,,,,,,,,,,,,,
1,2,24,6,21,48,50,49,,,,,,,,,,,,,,,
1,1,1,1,1,0,1,1,,,,,,,,,,,,,,,
9,,,,,,,,,,,,,,,,,,,,,,
2,3,23,5,6,21,48,50,49,,,,,,,,,,,,,,
1,1,1,1,1,1,1,1,1,,,,,,,,,,,,,,
9,,,,,,,,,,,,,,,,,,,,,,
16,2,24,5,6,21,48,50,49,,,,,,,,,,,,,,
1,1,1,1,1,1,1,1,0,,,,,,,,,,,,,,
10,,,,,,,,,,,,,,,,,,,,,,
2,3,28,5,6,25,48,69,50,49,,,,,,,,,,,,,
1,1,1,1,1,1,1,1,1,1,,,,,,,,,,,,,
10,,,,,,,,,,,,,,,,,,,,,,
1,2,24,36,5,6,7,22,50,49,,,,,,,,,,,,,
1,1,1,0,1,0,0,0,1,1,,,,,,,,,,,,,
9,,,,,,,,,,,,,,,,,,,,,,
16,38,2,3,45,21,48,50,49,,,,,,,,,,,,,,
1,1,1,1,0,0,0,1,0,,,,,,,,,,,,,,
14,,,,,,,,,,,,,,,,,,,,,,
2,24,4,5,6,7,8,9,13,10,48,50,49,64,,,,,,,,,
1,1,1,1,1,0,1,1,1,1,1,1,1,1,,,,,,,,,
13,,,,,,,,,,,,,,,,,,,,,,
3,4,5,6,7,8,9,9,40,42,48,50,49,,,,,,,,,,
0,1,1,0,1,1,1,1,1,1,1,1,0,,,,,,,,,,
9,,,,,,,,,,,,,,,,,,,,,,
1,2,18,5,6,21,48,50,49,,,,,,,,,,,,,,
1,1,1,1,1,0,1,1,1,,,,,,,,,,,,,,
9,,,,,,,,,,,,,,,,,,,,,,
16,2,18,5,6,21,48,50,49,,,,,,,,,,,,,,
1,1,1,0,0,1,1,1,1,,,,,,,,,,,,,,
8,,,,,,,,,,,,,,,,,,,,,,
1,2,24,5,6,25,48,50,,,,,,,,,,,,,,,
1,1,1,1,1,1,1,1,,,,,,,,,,,,,,,
11,,,,,,,,,,,,,,,,,,,,,,
16,2,3,28,5,6,7,48,50,49,63,,,,,,,,,,,,
0,1,1,1,0,1,1,1,0,0,1,,,,,,,,,,,,
10,,,,,,,,,,,,,,,,,,,,,,
2,3,4,5,6,7,8,48,50,49,,,,,,,,,,,,,
1,1,1,1,1,1,1,0,1,0,,,,,,,,,,,,,
7,,,,,,,,,,,,,,,,,,,,,,
16,2,24,4,5,6,44,,,,,,,,,,,,,,,,
0,1,1,1,1,1,1,,,,,,,,,,,,,,,,
8,,,,,,,,,,,,,,,,,,,,,,
1,38,2,3,23,5,6,21,,,,,,,,,,,,,,,
1,1,1,1,0,1,1,1,,,,,,,,,,,,,,,
8,,,,,,,,,,,,,,,,,,,,,,
1,2,4,5,6,7,8,30,,,,,,,,,,,,,,,
1,1,0,1,0,1,1,1,,,,,,,,,,,,,,,
9,,,,,,,,,,,,,,,,,,,,,,
32,16,38,2,18,4,5,6,21,,,,,,,,,,,,,,
1,0,1,0,1,0,1,1,1,,,,,,,,,,,,,,
7,,,,,,,,,,,,,,,,,,,,,,
15,16,38,2,4,5,61,,,,,,,,,,,,,,,,
1,0,1,1,1,1,1,,,,,,,,,,,,,,,,
10,,,,,,,,,,,,,,,,,,,,,,
1,2,18,4,5,6,7,8,9,29,,,,,,,,,,,,,
0,1,1,0,1,1,1,1,1,1,,,,,,,,,,,,,
18,,,,,,,,,,,,,,,,,,,,,,
32,1,2,24,23,5,6,7,8,9,13,40,39,48,50,49,53,72,,,,,
1,1,1,1,1,1,1,0,1,1,1,1,1,1,1,1,1,1,,,,,
17,,,,,,,,,,,,,,,,,,,,,,
32,1,2,3,4,6,7,8,9,41,10,46,48,50,49,53,72,,,,,,
1,0,1,1,1,0,1,1,1,1,1,1,1,1,1,1,1,,,,,,
16,,,,,,,,,,,,,,,,,,,,,,
43,37,1,38,2,24,4,5,6,7,8,9,41,40,46,48,,,,,,,
1,1,0,1,1,1,1,1,1,1,1,1,1,0,0,1,,,,,,,
8,,,,,,,,,,,,,,,,,,,,,,
32,16,2,3,23,5,6,21,,,,,,,,,,,,,,,
1,0,0,1,1,1,1,0,,,,,,,,,,,,,,,
5,,,,,,,,,,,,,,,,,,,,,,
37,19,16,2,24,,,,,,,,,,,,,,,,,,
1,1,1,1,1,,,,,,,,,,,,,,,,,,
6,,,,,,,,,,,,,,,,,,,,,,
43,32,19,1,2,24,,,,,,,,,,,,,,,,,
1,0,1,1,1,1,,,,,,,,,,,,,,,,,
9,,,,,,,,,,,,,,,,,,,,,,
26,32,16,2,3,23,5,6,7,,,,,,,,,,,,,,
0,1,1,1,1,1,1,1,1,,,,,,,,,,,,,,
20,,,,,,,,,,,,,,,,,,,,,,
32,1,2,24,4,5,6,7,8,9,20,40,39,46,47,48,50,49,55,53,,,
1,1,1,1,1,1,0,1,0,1,1,1,1,0,1,1,1,1,1,1,,,
16,,,,,,,,,,,,,,,,,,,,,,
43,37,1,2,3,4,6,7,8,9,13,40,39,46,48,69,,,,,,,
1,1,1,1,1,0,1,1,1,1,1,1,1,1,1,1,,,,,,,
19,,,,,,,,,,,,,,,,,,,,,,
32,16,56,2,18,4,5,45,7,8,9,41,40,39,46,47,48,50,49,,,,
1,1,1,1,0,1,1,1,1,1,1,0,0,0,1,1,1,1,1,,,,
17,,,,,,,,,,,,,,,,,,,,,,
32,16,2,3,4,6,7,8,9,13,40,39,46,48,50,49,53,,,,,,
0,0,1,1,1,1,1,1,1,1,1,1,1,1,0,0,1,,,,,,
10,,,,,,,,,,,,,,,,,,,,,,
43,32,16,2,24,4,5,6,7,8,,,,,,,,,,,,,
0,0,1,0,0,1,1,1,1,0,,,,,,,,,,,,,
11,,,,,,,,,,,,,,,,,,,,,,
32,16,2,3,17,5,6,7,9,41,40,,,,,,,,,,,,
1,0,0,0,0,1,0,1,1,1,1,,,,,,,,,,,,
18,,,,,,,,,,,,,,,,,,,,,,
43,37,16,2,24,23,6,7,8,9,29,40,39,46,47,48,50,49,,,,,
1,0,1,1,0,1,1,1,1,1,0,1,1,1,1,1,0,1,,,,,
5,,,,,,,,,,,,,,,,,,,,,,
43,32,1,2,3,,,,,,,,,,,,,,,,,,
1,1,1,1,1,,,,,,,,,,,,,,,,,,
15,,,,,,,,,,,,,,,,,,,,,,
37,16,2,24,4,5,6,7,8,9,13,40,39,46,48,,,,,,,,
0,1,1,0,1,1,1,1,1,1,1,1,1,1,1,,,,,,,,
20,,,,,,,,,,,,,,,,,,,,,,
43,32,16,38,2,3,4,5,6,7,8,9,41,10,39,46,47,48,50,49,,,
0,1,1,1,1,1,1,1,1,1,1,0,1,1,1,1,1,1,1,1,,,
5,,,,,,,,,,,,,,,,,,,,,,
26,32,1,2,18,,,,,,,,,,,,,,,,,,
1,1,0,1,1,,,,,,,,,,,,,,,,,,
20,,,,,,,,,,,,,,,,,,,,,,
43,37,1,2,3,4,5,6,7,8,9,41,40,39,46,47,48,50,49,53,,,
1,1,1,1,1,1,1,1,1,1,1,0,1,1,1,1,0,1,1,1,,,
17,,,,,,,,,,,,,,,,,,,,,,
32,19,1,2,3,4,6,7,8,9,40,39,48,50,49,53,72,,,,,,
1,1,0,0,0,1,1,1,1,1,1,0,1,1,1,1,1,,,,,,
11,,,,,,,,,,,,,,,,,,,,,,
32,1,2,24,23,6,7,8,9,41,22,,,,,,,,,,,,
1,1,1,1,1,1,1,1,1,1,1,,,,,,,,,,,,
19,,,,,,,,,,,,,,,,,,,,,,
32,16,2,3,4,5,6,7,8,9,41,40,39,47,48,50,49,55,51,,,,
1,1,1,1,1,1,1,1,1,1,1,0,1,1,1,1,1,1,1,,,,
12,,,,,,,,,,,,,,,,,,,,,,
43,37,16,2,24,17,5,6,7,8,9,13,,,,,,,,,,,
0,1,0,1,1,1,1,1,0,1,1,1,,,,,,,,,,,
19,,,,,,,,,,,,,,,,,,,,,,
43,32,1,2,24,4,6,7,8,9,13,40,39,46,47,48,50,49,53,,,,
1,1,0,1,1,1,1,1,1,1,1,1,1,0,1,1,1,1,1,,,,
18,,,,,,,,,,,,,,,,,,,,,,
26,32,1,2,3,23,6,25,8,9,20,40,46,48,50,49,53,54,,,,,
1,1,1,1,0,1,0,0,0,0,1,1,1,1,0,1,1,0,,,,,
19,,,,,,,,,,,,,,,,,,,,,,
43,32,1,2,24,4,5,6,7,8,9,10,39,46,47,48,50,49,54,,,,
1,1,0,1,1,1,1,0,1,0,1,1,1,1,1,1,1,1,1,,,,
7,,,,,,,,,,,,,,,,,,,,,,
43,32,15,1,2,24,17,,,,,,,,,,,,,,,,
1,1,1,1,0,0,1,,,,,,,,,,,,,,,,
16,,,,,,,,,,,,,,,,,,,,,,
37,16,2,3,23,6,7,8,13,10,46,47,48,50,49,53,,,,,,,
1,1,1,1,1,1,1,1,1,1,1,0,1,1,1,1,,,,,,,
6,,,,,,,,,,,,,,,,,,,,,,
43,32,15,16,2,18,,,,,,,,,,,,,,,,,
0,0,1,0,1,1,,,,,,,,,,,,,,,,,
18,,,,,,,,,,,,,,,,,,,,,,
26,32,1,2,3,4,6,7,8,9,13,40,39,46,48,50,49,53,,,,,
0,1,1,0,1,0,1,1,1,1,1,1,0,1,1,1,1,1,,,,,
20,,,,,,,,,,,,,,,,,,,,,,
43,27,15,1,2,24,4,5,6,7,8,9,13,40,39,46,47,48,50,49,,,
0,1,0,1,1,1,1,0,1,1,1,1,0,0,0,0,1,1,1,1,,,
6,,,,,,,,,,,,,,,,,,,,,,
43,32,15,16,2,18,,,,,,,,,,,,,,,,,
0,1,1,1,0,1,,,,,,,,,,,,,,,,,
5,,,,,,,,,,,,,,,,,,,,,,
37,1,2,24,28,,,,,,,,,,,,,,,,,,
0,1,1,1,1,,,,,,,,,,,,,,,,,,
6,,,,,,,,,,,,,,,,,,,,,,
43,37,15,1,2,24,,,,,,,,,,,,,,,,,
1,1,1,1,1,0,,,,,,,,,,,,,,,,,
6,,,,,,,,,,,,,,,,,,,,,,
43,32,16,38,2,3,,,,,,,,,,,,,,,,,
1,1,0,1,1,0,,,,,,,,,,,,,,,,,
5,,,,,,,,,,,,,,,,,,,,,,
32,19,1,2,18,,,,,,,,,,,,,,,,,,
1,1,1,1,0,,,,,,,,,,,,,,,,,,
5,,,,,,,,,,,,,,,,,,,,,,
32,1,2,3,17,,,,,,,,,,,,,,,,,,
1,1,1,1,1,,,,,,,,,,,,,,,,,,
8,,,,,,,,,,,,,,,,,,,,,,
32,1,2,3,23,5,6,21,,,,,,,,,,,,,,,
0,0,1,0,1,1,1,1,,,,,,,,,,,,,,,
5,,,,,,,,,,,,,,,,,,,,,,
32,16,2,3,24,,,,,,,,,,,,,,,,,,
1,0,1,1,1,,,,,,,,,,,,,,,,,,
5,,,,,,,,,,,,,,,,,,,,,,
26,32,1,2,18,,,,,,,,,,,,,,,,,,
0,1,0,1,1,,,,,,,,,,,,,,,,,,
6,,,,,,,,,,,,,,,,,,,,,,
32,19,1,56,2,24,,,,,,,,,,,,,,,,,
1,1,1,1,1,0,,,,,,,,,,,,,,,,,
5,,,,,,,,,,,,,,,,,,,,,,
43,37,1,2,3,,,,,,,,,,,,,,,,,,
0,1,0,1,0,,,,,,,,,,,,,,,,,,
5,,,,,,,,,,,,,,,,,,,,,,
32,19,1,2,24,,,,,,,,,,,,,,,,,,
1,1,0,0,1,,,,,,,,,,,,,,,,,,
7,,,,,,,,,,,,,,,,,,,,,,
26,32,1,2,18,48,50,,,,,,,,,,,,,,,,
0,1,1,1,1,1,0,,,,,,,,,,,,,,,,
14,,,,,,,,,,,,,,,,,,,,,,
26,37,15,1,2,24,4,6,21,8,30,10,48,50,,,,,,,,,
1,1,1,0,1,0,0,1,1,1,0,1,1,0,,,,,,,,,
7,,,,,,,,,,,,,,,,,,,,,,
26,37,1,2,48,50,49,,,,,,,,,,,,,,,,
0,1,1,1,1,1,1,,,,,,,,,,,,,,,,
5,,,,,,,,,,,,,,,,,,,,,,
43,27,1,48,50,,,,,,,,,,,,,,,,,,
0,1,1,1,1,,,,,,,,,,,,,,,,,,
5,,,,,,,,,,,,,,,,,,,,,,
26,27,19,1,48,,,,,,,,,,,,,,,,,,
0,0,1,0,0,,,,,,,,,,,,,,,,,,
5,,,,,,,,,,,,,,,,,,,,,,
26,37,1,48,69,,,,,,,,,,,,,,,,,,
1,0,1,1,1,,,,,,,,,,,,,,,,,,
5,,,,,,,,,,,,,,,,,,,,,,
26,32,1,48,50,,,,,,,,,,,,,,,,,,
1,1,1,1,1,,,,,,,,,,,,,,,,,,
5,,,,,,,,,,,,,,,,,,,,,,
26,70,1,48,50,,,,,,,,,,,,,,,,,,
0,0,0,0,0,,,,,,,,,,,,,,,,,,
10,,,,,,,,,,,,,,,,,,,,,,
43,37,19,1,2,24,28,48,50,49,,,,,,,,,,,,,
0,1,1,0,0,0,1,1,1,0,,,,,,,,,,,,,
7,,,,,,,,,,,,,,,,,,,,,,
26,32,1,2,48,50,49,,,,,,,,,,,,,,,,
1,1,0,1,0,1,1,,,,,,,,,,,,,,,,
5,,,,,,,,,,,,,,,,,,,,,,
43,27,1,48,50,,,,,,,,,,,,,,,,,,
1,1,1,1,1,,,,,,,,,,,,,,,,,,
6,,,,,,,,,,,,,,,,,,,,,,
26,32,1,48,50,49,,,,,,,,,,,,,,,,,
1,1,1,1,1,0,,,,,,,,,,,,,,,,,
5,,,,,,,,,,,,,,,,,,,,,,
26,27,1,48,50,,,,,,,,,,,,,,,,,,
0,0,1,1,1,,,,,,,,,,,,,,,,,,
8,,,,,,,,,,,,,,,,,,,,,,
26,37,1,38,2,18,48,50,,,,,,,,,,,,,,,
1,1,0,0,1,1,1,1,,,,,,,,,,,,,,,
6,,,,,,,,,,,,,,,,,,,,,,
26,32,1,2,48,50,,,,,,,,,,,,,,,,,
1,1,1,1,1,1,,,,,,,,,,,,,,,,,
5,,,,,,,,,,,,,,,,,,,,,,
26,27,1,48,50,,,,,,,,,,,,,,,,,,
1,1,0,0,1,,,,,,,,,,,,,,,,,,
6,,,,,,,,,,,,,,,,,,,,,,
26,32,1,2,48,50,,,,,,,,,,,,,,,,,
0,1,1,1,0,0,,,,,,,,,,,,,,,,,
5,,,,,,,,,,,,,,,,,,,,,,
26,27,1,48,50,,,,,,,,,,,,,,,,,,
1,0,1,0,0,,,,,,,,,,,,,,,,,,
5,,,,,,,,,,,,,,,,,,,,,,
43,32,32,19,1,,,,,,,,,,,,,,,,,,
0,1,0,1,1,,,,,,,,,,,,,,,,,,
5,,,,,,,,,,,,,,,,,,,,,,
26,27,62,32,34,,,,,,,,,,,,,,,,,,
0,0,0,1,0,,,,,,,,,,,,,,,,,,
7,,,,,,,,,,,,,,,,,,,,,,
26,37,32,1,38,2,24,,,,,,,,,,,,,,,,
1,1,1,0,1,1,0,,,,,,,,,,,,,,,,
6,,,,,,,,,,,,,,,,,,,,,,
26,37,37,16,2,18,,,,,,,,,,,,,,,,,
0,1,1,0,1,1,,,,,,,,,,,,,,,,,
19,,,,,,,,,,,,,,,,,,,,,,
43,32,1,2,24,4,5,45,7,9,29,40,39,46,48,50,49,64,53,,,,
1,1,0,1,1,0,1,1,1,1,0,1,1,1,1,1,1,1,1,,,,
11,,,,,,,,,,,,,,,,,,,,,,
37,19,16,2,3,4,5,6,7,8,9,,,,,,,,,,,,
1,1,0,1,0,1,1,1,1,1,1,,,,,,,,,,,,
19,,,,,,,,,,,,,,,,,,,,,,
43,32,19,16,2,3,4,6,7,8,9,29,40,39,48,50,49,51,53,,,,
1,1,1,1,1,1,1,0,1,1,1,1,1,1,1,1,1,1,1,,,,
21,,,,,,,,,,,,,,,,,,,,,,
26,32,1,2,24,4,5,6,7,8,9,13,40,39,46,47,48,50,49,53,54,,
1,1,1,1,1,1,1,1,1,1,1,1,1,1,1,1,0,1,1,1,1,,
19,,,,,,,,,,,,,,,,,,,,,,
32,1,2,24,4,6,7,8,9,41,40,39,46,47,48,50,49,53,72,,,,
1,1,1,1,1,1,1,1,1,1,0,1,1,1,1,1,1,1,0,,,,
20,,,,,,,,,,,,,,,,,,,,,,
32,19,1,2,3,4,5,6,7,8,9,13,40,39,46,47,48,50,49,53,,,
1,1,0,1,1,1,1,1,1,1,1,1,1,1,1,1,1,1,1,1,,,
5,,,,,,,,,,,,,,,,,,,,,,
26,37,1,2,24,,,,,,,,,,,,,,,,,,
1,1,0,1,1,,,,,,,,,,,,,,,,,,
6,,,,,,,,,,,,,,,,,,,,,,
43,32,16,56,2,24,,,,,,,,,,,,,,,,,
0,1,1,1,1,0,,,,,,,,,,,,,,,,,
17,,,,,,,,,,,,,,,,,,,,,,
43,32,1,2,3,4,5,6,25,8,9,41,40,39,48,50,49,,,,,,
1,1,0,0,1,1,1,1,1,1,1,1,1,1,1,1,1,,,,,,
21,,,,,,,,,,,,,,,,,,,,,,
43,32,16,2,24,17,5,6,7,8,9,13,40,39,47,48,50,49,55,51,53,,
1,1,1,1,1,1,0,0,1,0,1,1,1,1,1,1,1,1,1,1,1,,
20,,,,,,,,,,,,,,,,,,,,,,
43,32,16,38,2,24,4,5,6,7,8,9,41,40,39,46,47,48,50,49,,,
1,1,1,1,1,1,1,1,0,1,1,1,0,1,1,0,1,1,1,1,,,
18,,,,,,,,,,,,,,,,,,,,,,
32,16,2,24,4,5,6,7,8,9,13,10,39,46,47,48,50,49,,,,,
1,1,1,0,1,1,0,0,1,1,1,1,1,1,1,1,1,1,,,,,
13,,,,,,,,,,,,,,,,,,,,,,
37,16,2,3,4,5,6,7,8,9,13,40,39,,,,,,,,,,
1,1,0,1,1,1,1,0,1,1,1,1,0,,,,,,,,,,
17,,,,,,,,,,,,,,,,,,,,,,
32,15,1,2,3,4,5,6,7,8,9,41,40,46,48,50,49,,,,,,
1,1,0,1,1,1,1,1,1,1,1,1,1,1,1,1,1,,,,,,
22,,,,,,,,,,,,,,,,,,,,,,
26,32,1,2,24,17,5,6,25,8,9,13,40,39,46,47,48,50,49,55,51,53,
1,1,1,1,1,0,0,1,1,0,1,1,1,1,1,1,1,1,1,1,1,1,
15,,,,,,,,,,,,,,,,,,,,,,
26,32,1,2,3,4,6,25,8,9,40,39,48,50,49,,,,,,,,
1,1,1,1,1,1,0,1,1,1,1,1,1,1,1,,,,,,,,
17,,,,,,,,,,,,,,,,,,,,,,
32,1,2,3,4,6,7,8,9,41,40,39,46,48,50,49,55,,,,,,
1,1,1,1,0,1,1,1,1,1,1,1,1,1,1,1,1,,,,,,
17,,,,,,,,,,,,,,,,,,,,,,
32,1,2,24,4,5,6,7,8,9,41,40,46,48,50,49,53,,,,,,
1,1,1,1,1,1,1,1,1,1,0,1,1,1,1,1,0,,,,,,
19,,,,,,,,,,,,,,,,,,,,,,
32,1,2,3,4,5,6,7,8,9,40,39,46,48,50,49,51,53,67,,,,
1,0,1,1,1,1,1,1,1,1,1,1,0,1,1,1,1,1,1,,,,
17,,,,,,,,,,,,,,,,,,,,,,
43,37,19,1,2,24,4,6,7,8,9,29,40,39,48,50,49,,,,,,
1,1,1,1,1,1,1,1,1,1,1,1,1,1,1,1,1,,,,,,
18,,,,,,,,,,,,,,,,,,,,,,
43,37,1,2,24,4,6,7,8,9,13,40,46,48,50,49,51,53,,,,,
0,1,0,1,1,1,1,1,1,1,1,0,1,0,1,1,0,0,,,,,
19,,,,,,,,,,,,,,,,,,,,,,
43,37,16,38,2,3,4,5,6,25,8,9,13,40,39,46,48,50,49,,,,
1,1,1,1,1,1,1,1,1,1,1,1,1,1,1,1,1,1,1,,,,
19,,,,,,,,,,,,,,,,,,,,,,
43,32,1,2,3,23,5,6,7,8,9,40,39,46,47,48,50,49,53,,,,
0,1,1,1,1,1,1,1,1,1,1,1,1,1,1,1,1,1,1,,,,
19,,,,,,,,,,,,,,,,,,,,,,
43,32,1,38,2,24,4,5,6,25,8,9,29,40,39,47,48,50,49,,,,
0,1,1,1,1,1,0,1,1,1,1,1,0,1,1,1,1,1,1,,,,
19,,,,,,,,,,,,,,,,,,,,,,
43,32,1,2,24,4,6,7,8,9,13,40,39,46,47,48,50,49,53,,,,
0,1,0,1,1,1,1,0,1,1,1,1,1,1,1,1,1,1,1,,,,
12,,,,,,,,,,,,,,,,,,,,,,
43,32,16,2,24,23,5,6,7,8,9,10,,,,,,,,,,,
1,1,0,1,1,1,1,1,1,1,1,1,,,,,,,,,,,
12,,,,,,,,,,,,,,,,,,,,,,
43,37,16,2,24,4,5,6,7,8,9,40,,,,,,,,,,,
1,0,1,0,1,1,0,0,1,1,1,1,,,,,,,,,,,
22,,,,,,,,,,,,,,,,,,,,,,
37,1,2,3,23,5,6,7,8,9,41,40,39,46,47,48,69,50,49,55,53,72,
0,1,1,1,1,1,1,0,1,1,1,1,1,1,0,1,0,1,1,1,1,1,
5,,,,,,,,,,,,,,,,,,,,,,
43,32,16,2,3,,,,,,,,,,,,,,,,,,
1,1,0,1,1,,,,,,,,,,,,,,,,,,
22,,,,,,,,,,,,,,,,,,,,,,
43,32,1,56,2,24,23,5,6,7,8,9,41,40,39,46,47,48,50,49,51,53,
0,1,1,1,1,1,0,1,1,1,1,1,1,1,1,1,1,1,1,1,1,1,
19,,,,,,,,,,,,,,,,,,,,,,
43,37,1,2,3,4,5,6,7,8,9,41,40,39,46,47,48,50,49,,,,
0,1,1,1,1,1,1,1,1,1,1,0,1,1,1,1,1,1,1,,,,
11,,,,,,,,,,,,,,,,,,,,,,
43,32,1,2,3,4,6,7,8,9,41,,,,,,,,,,,,
1,1,1,1,0,1,1,1,0,1,0,,,,,,,,,,,,
6,,,,,,,,,,,,,,,,,,,,,,
26,37,16,56,48,50,,,,,,,,,,,,,,,,,
0,1,1,1,1,1,,,,,,,,,,,,,,,,,
6,,,,,,,,,,,,,,,,,,,,,,
43,27,59,48,50,49,,,,,,,,,,,,,,,,,
1,1,0,1,1,1,,,,,,,,,,,,,,,,,
8,,,,,,,,,,,,,,,,,,,,,,
26,37,16,2,48,50,49,55,,,,,,,,,,,,,,,
0,1,0,0,1,1,0,1,,,,,,,,,,,,,,,
6,,,,,,,,,,,,,,,,,,,,,,
43,32,1,2,48,50,,,,,,,,,,,,,,,,,
0,1,1,1,1,0,,,,,,,,,,,,,,,,,
8,,,,,,,,,,,,,,,,,,,,,,
26,32,1,2,18,36,48,50,,,,,,,,,,,,,,,
1,1,1,1,1,0,0,1,,,,,,,,,,,,,,,
8,,,,,,,,,,,,,,,,,,,,,,
26,37,16,2,24,48,50,49,,,,,,,,,,,,,,,
1,1,1,1,1,1,1,0,,,,,,,,,,,,,,,
10,,,,,,,,,,,,,,,,,,,,,,
26,32,15,16,38,2,18,48,50,49,,,,,,,,,,,,,
1,1,1,1,1,1,0,0,1,0,,,,,,,,,,,,,
5,,,,,,,,,,,,,,,,,,,,,,
26,1,48,50,49,,,,,,,,,,,,,,,,,,
1,1,1,0,0,,,,,,,,,,,,,,,,,,
5,,,,,,,,,,,,,,,,,,,,,,
26,16,2,48,50,,,,,,,,,,,,,,,,,,
0,0,1,1,0,,,,,,,,,,,,,,,,,,
9,,,,,,,,,,,,,,,,,,,,,,
26,32,19,1,2,3,45,48,50,,,,,,,,,,,,,,
1,1,1,1,1,0,0,1,1,,,,,,,,,,,,,,
8,,,,,,,,,,,,,,,,,,,,,,
43,32,16,2,18,48,50,49,,,,,,,,,,,,,,,
0,1,0,1,0,1,1,0,,,,,,,,,,,,,,,
5,,,,,,,,,,,,,,,,,,,,,,
43,27,1,18,48,,,,,,,,,,,,,,,,,,
1,0,1,1,0,,,,,,,,,,,,,,,,,,
7,,,,,,,,,,,,,,,,,,,,,,
26,16,38,2,48,50,49,,,,,,,,,,,,,,,,
1,1,1,1,1,1,0,,,,,,,,,,,,,,,,
7,,,,,,,,,,,,,,,,,,,,,,
26,37,1,38,2,48,50,,,,,,,,,,,,,,,,
1,1,1,1,0,1,1,,,,,,,,,,,,,,,,
9,,,,,,,,,,,,,,,,,,,,,,
26,32,1,56,2,18,48,50,55,,,,,,,,,,,,,,
1,1,1,1,1,1,1,1,1,,,,,,,,,,,,,,
6,,,,,,,,,,,,,,,,,,,,,,
26,37,19,1,2,3,,,,,,,,,,,,,,,,,
1,1,1,0,0,1,,,,,,,,,,,,,,,,,
5,,,,,,,,,,,,,,,,,,,,,,
26,32,1,2,18,,,,,,,,,,,,,,,,,,
1,1,1,1,1,,,,,,,,,,,,,,,,,,
5,,,,,,,,,,,,,,,,,,,,,,
26,37,1,38,2,,,,,,,,,,,,,,,,,,
0,1,1,0,0,,,,,,,,,,,,,,,,,,
7,,,,,,,,,,,,,,,,,,,,,,
43,32,19,16,56,2,24,,,,,,,,,,,,,,,,
1,1,1,1,1,1,1,,,,,,,,,,,,,,,,
8,,,,,,,,,,,,,,,,,,,,,,
26,32,15,1,2,3,23,5,,,,,,,,,,,,,,,
1,0,1,1,1,1,1,1,,,,,,,,,,,,,,,
